key,0,1,2,3,4,5,6,7,8,9,10
#,,Subtype,Image,,UnlockCondition,,,,Category,SortKey,Name
offset,18,19,4,20,8,10,12,14,21,16,0
Int32,UInt8,UInt8,Int32,UInt8,UInt16,UInt16,UInt16,UInt16,UInt8,UInt16,String
0,0,0,0,0,1,0,0,0,0,0,"Nichts"
1,2,0,194002,0,1,0,0,0,1,1,"Glanz"
2,2,0,194003,0,1,0,0,0,1,6,"Vierecke"
3,2,0,194004,0,1,0,0,0,1,7,"Wassertropfen"
4,2,0,194005,0,1,0,0,0,1,8,"Schachbrett"
5,2,0,194006,0,1,0,0,0,1,2,"Gittermuster"
6,2,0,194007,0,1,0,0,0,1,3,"Schrägstriche"
7,2,0,194008,0,1,0,0,0,1,4,"Diagonale Trennung"
8,2,0,194009,0,1,0,0,0,1,5,"Dreiecke"
9,2,0,194010,0,1,0,0,0,1,10,"Pergament"
10,2,0,194011,0,1,0,0,0,1,9,"Verzierte Ecken"
11,1,0,195002,0,1,0,0,0,1,1,"Schattierung"
12,1,0,195003,0,1,0,0,0,1,2,"Leuchtender Rand"
13,1,0,195004,0,1,0,0,0,1,3,"Violette Tupfen"
14,1,0,195005,0,1,0,0,0,1,4,"Notizbuch"
15,1,0,195006,0,1,0,0,0,1,5,"Unordnung"
16,1,0,195007,0,1,0,0,0,1,6,"Äthergramme"
17,1,0,195008,0,1,0,0,0,1,7,"Pergament"
18,1,0,195009,0,1,0,0,0,1,8,"Pinselstriche"
19,1,0,195010,0,1,0,0,0,1,9,"Metallplatte"
20,1,0,195011,0,1,0,0,0,1,10,"Schriften"
21,3,0,197002,0,1,0,0,0,1,3,"Banner"
22,3,0,197003,0,1,0,0,0,1,4,"Erinnerung"
23,3,0,197004,0,1,0,0,0,1,5,"Metallkreis"
24,3,0,197005,0,1,0,0,0,1,6,"Verteidiger-Banner"
25,3,0,197006,0,1,0,0,0,1,8,"Angreifer-Banner"
26,3,0,197007,0,1,0,0,0,1,7,"Heiler-Banner"
27,3,0,197008,0,1,0,0,0,1,1,"Brauner Rahmen"
28,3,0,197009,0,1,0,0,0,1,2,"Geprägter Rahmen"
29,3,0,197010,0,1,0,0,0,1,9,"Memo"
30,3,0,197011,0,1,0,0,0,1,10,"Unordnung"
31,4,0,198002,0,1,0,0,0,1,3,"Schwarz"
32,4,0,198003,0,1,0,0,0,1,2,"Weiß"
33,4,0,198004,0,1,0,0,0,1,5,"Geprägte Edelsteine"
34,4,0,198005,0,1,0,0,0,1,4,"Einfache Edelsteine"
35,4,0,198006,0,1,0,0,0,1,6,"Limsa Lominsa"
36,4,0,198007,0,1,0,0,0,1,7,"Gridania"
37,4,0,198008,0,1,0,0,0,1,8,"Ul'dah"
38,4,0,198009,0,1,0,0,0,1,1,"Metall"
39,4,0,198010,0,298,0,0,0,1,10,"Triple Triad EX"
40,4,0,198011,0,298,0,0,0,1,9,"Triple Triad"
41,5,0,199002,0,1,0,0,0,1,1,"Gil"
42,5,0,199003,0,1,0,0,0,1,2,"Feder"
43,5,0,199004,0,1,0,0,0,1,3,"Aufkleber"
44,5,0,199005,0,1,0,0,0,1,4,"Karte"
45,5,0,199006,0,1,0,0,0,1,5,"Schleife"
46,5,0,199007,0,1,0,0,0,1,6,"Brief"
47,5,0,199008,0,1,0,0,0,1,7,"Musiknote"
48,5,0,199009,0,1,0,0,0,1,8,"Blumenstrauß"
49,5,0,199010,0,1,0,0,0,1,9,"Memo"
50,5,0,199011,0,1,0,0,0,1,10,"Briefmarke"
51,2,0,194201,0,156,0,0,0,2,2000,"Gladiator"
52,2,0,194202,0,157,0,0,0,2,2001,"Marodeur"
53,2,0,194203,0,158,0,0,0,2,2002,"Druide"
54,2,0,194204,0,159,0,0,0,2,2003,"Faustkämpfer"
55,2,0,194205,0,160,0,0,0,2,2004,"Pikenier"
56,2,0,194206,0,161,0,0,0,2,2005,"Schurke"
57,2,0,194207,0,162,0,0,0,2,2006,"Waldläufer"
58,2,0,194208,0,163,0,0,0,2,2007,"Thaumaturg"
59,2,0,194209,0,164,0,0,0,2,2008,"Hermetiker"
60,2,0,194210,0,300,0,0,0,2,2050,"Paladin"
61,2,0,194211,0,301,0,0,0,2,2051,"Krieger"
62,2,0,194212,0,302,0,0,0,2,2052,"Dunkelritter"
63,2,0,194213,0,303,0,0,0,2,2053,"Revolverklinge"
64,2,0,194214,0,304,0,0,0,2,2054,"Weißmagier"
65,2,0,194215,0,305,0,0,0,2,2055,"Gelehrter"
66,2,0,194216,0,306,0,0,0,2,2056,"Astrologe"
67,2,0,194217,0,307,0,0,0,2,2057,"Weiser"
68,2,0,194218,0,308,0,0,0,2,2058,"Mönch"
69,2,0,194219,0,309,0,0,0,2,2059,"Dragoon"
70,2,0,194220,0,310,0,0,0,2,2060,"Ninja"
71,2,0,194221,0,311,0,0,0,2,2061,"Samurai"
72,2,0,194222,0,312,0,0,0,2,2062,"Schnitter"
73,2,0,194223,0,313,0,0,0,2,2064,"Barde"
74,2,0,194224,0,314,0,0,0,2,2065,"Maschinist"
75,2,0,194225,0,315,0,0,0,2,2066,"Tänzer"
76,2,0,194226,0,316,0,0,0,2,2067,"Schwarzmagier"
77,2,0,194227,0,317,0,0,0,2,2068,"Beschwörer"
78,2,0,194228,0,318,0,0,0,2,2069,"Rotmagier"
79,2,0,194229,0,232,0,0,0,2,2071,"Blaumagier"
80,2,0,194230,0,268,0,0,0,2,2100,"Zimmerer"
81,2,0,194231,0,269,0,0,0,2,2101,"Grobschmied"
82,2,0,194232,0,270,0,0,0,2,2102,"Plattner"
83,2,0,194233,0,271,0,0,0,2,2103,"Goldschmied"
84,2,0,194234,0,272,0,0,0,2,2104,"Gerber"
85,2,0,194235,0,273,0,0,0,2,2105,"Weber"
86,2,0,194236,0,274,0,0,0,2,2106,"Alchemist"
87,2,0,194237,0,275,0,0,0,2,2107,"Gourmet"
88,2,0,194238,0,285,0,0,0,2,2108,"Minenarbeiter"
89,2,0,194239,0,286,0,0,0,2,2109,"Gärtner"
90,2,0,194240,0,287,0,0,0,2,2110,"Fischer"
91,0,0,0,0,0,0,0,0,0,0,""
92,0,0,0,0,0,0,0,0,0,0,""
93,0,0,0,0,0,0,0,0,0,0,""
94,0,0,0,0,0,0,0,0,0,0,""
95,0,0,0,0,0,0,0,0,0,0,""
96,0,0,0,0,0,0,0,0,0,0,""
97,0,0,0,0,0,0,0,0,0,0,""
98,0,0,0,0,0,0,0,0,0,0,""
99,0,0,0,0,0,0,0,0,0,0,""
100,0,0,0,0,0,0,0,0,0,0,""
101,0,0,0,0,0,0,0,0,0,0,""
102,0,0,0,0,0,0,0,0,0,0,""
103,0,0,0,0,0,0,0,0,0,0,""
104,0,0,0,0,0,0,0,0,0,0,""
105,0,0,0,0,0,0,0,0,0,0,""
106,0,0,0,0,0,0,0,0,0,0,""
107,0,0,0,0,0,0,0,0,0,0,""
108,0,0,0,0,0,0,0,0,0,0,""
109,0,0,0,0,0,0,0,0,0,0,""
110,0,0,0,0,0,0,0,0,0,0,""
111,0,0,0,0,0,0,0,0,0,0,""
112,0,0,0,0,0,0,0,0,0,0,""
113,0,0,0,0,0,0,0,0,0,0,""
114,0,0,0,0,0,0,0,0,0,0,""
115,0,0,0,0,0,0,0,0,0,0,""
116,0,0,0,0,0,0,0,0,0,0,""
117,0,0,0,0,0,0,0,0,0,0,""
118,0,0,0,0,0,0,0,0,0,0,""
119,0,0,0,0,0,0,0,0,0,0,""
120,0,0,0,0,0,0,0,0,0,0,""
121,0,0,0,0,0,0,0,0,0,0,""
122,0,0,0,0,0,0,0,0,0,0,""
123,0,0,0,0,0,0,0,0,0,0,""
124,0,0,0,0,0,0,0,0,0,0,""
125,0,0,0,0,0,0,0,0,0,0,""
126,0,0,0,0,0,0,0,0,0,0,""
127,0,0,0,0,0,0,0,0,0,0,""
128,0,0,0,0,0,0,0,0,0,0,""
129,0,0,0,0,0,0,0,0,0,0,""
130,0,0,0,0,0,0,0,0,0,0,""
131,0,0,0,0,0,0,0,0,0,0,""
132,0,0,0,0,0,0,0,0,0,0,""
133,0,0,0,0,0,0,0,0,0,0,""
134,0,0,0,0,0,0,0,0,0,0,""
135,0,0,0,0,0,0,0,0,0,0,""
136,0,0,0,0,0,0,0,0,0,0,""
137,0,0,0,0,0,0,0,0,0,0,""
138,0,0,0,0,0,0,0,0,0,0,""
139,0,0,0,0,0,0,0,0,0,0,""
140,0,0,0,0,0,0,0,0,0,0,""
141,0,0,0,0,0,0,0,0,0,0,""
142,0,0,0,0,0,0,0,0,0,0,""
143,0,0,0,0,0,0,0,0,0,0,""
144,0,0,0,0,0,0,0,0,0,0,""
145,0,0,0,0,0,0,0,0,0,0,""
146,0,0,0,0,0,0,0,0,0,0,""
147,0,0,0,0,0,0,0,0,0,0,""
148,0,0,0,0,0,0,0,0,0,0,""
149,0,0,0,0,0,0,0,0,0,0,""
150,0,0,0,0,0,0,0,0,0,0,""
151,0,0,0,0,0,0,0,0,0,0,""
152,3,0,197901,0,154,1032,1034,1036,7,4000,"Companion-App 1"
153,3,0,197902,0,155,1033,1035,1037,7,4001,"Companion-App 2"
154,4,0,198901,0,154,1032,1034,1036,7,4000,"Companion-App 1"
155,4,0,198902,0,155,1033,1035,1037,7,4001,"Companion-App 2"
156,5,0,199901,0,154,1032,1034,1036,7,4000,"Companion-App 1"
157,5,0,199902,0,155,1033,1035,1037,7,4001,"Companion-App 2"
158,1,0,195901,0,154,1032,1034,1036,7,4000,"Companion-App 1"
159,1,0,195902,0,155,1033,1035,1037,7,4001,"Companion-App 2"
160,1,0,195701,0,319,0,0,0,4,2500,"Schatten von Bahamut (fatal)"
161,3,0,197701,0,319,0,0,0,4,2500,"Schatten von Bahamut (fatal)"
162,4,0,198701,0,319,0,0,0,4,2500,"Schatten von Bahamut (fatal)"
163,5,0,199701,0,319,0,0,0,4,2500,"Schatten von Bahamut (fatal)"
164,1,0,195702,0,320,0,0,0,4,2501,"Heldenlied von Ultima (fatal)"
165,3,0,197702,0,320,0,0,0,4,2501,"Heldenlied von Ultima (fatal)"
166,4,0,198702,0,320,0,0,0,4,2501,"Heldenlied von Ultima (fatal)"
167,5,0,199702,0,320,0,0,0,4,2501,"Heldenlied von Ultima (fatal)"
168,1,0,195703,0,321,0,0,0,4,2502,"Alexander (fatal)"
169,3,0,197703,0,321,0,0,0,4,2502,"Alexander (fatal)"
170,4,0,198703,0,321,0,0,0,4,2502,"Alexander (fatal)"
171,5,0,199703,0,321,0,0,0,4,2502,"Alexander (fatal)"
172,1,0,195704,0,322,0,0,0,4,2503,"Drachenkrieg (fatal)"
173,3,0,197704,0,322,0,0,0,4,2503,"Drachenkrieg (fatal)"
174,4,0,198704,0,322,0,0,0,4,2503,"Drachenkrieg (fatal)"
175,5,0,199704,0,322,0,0,0,4,2503,"Drachenkrieg (fatal)"
176,2,0,194701,0,343,0,0,0,4,2402,"Unstetes Gewölbe: Die Unterstadt von Sil'dih"
177,3,0,197705,0,343,0,0,0,4,2402,"Unstetes Gewölbe: Die Unterstadt von Sil'dih"
178,0,0,0,0,0,0,0,0,0,0,""
179,5,0,199966,0,344,0,0,0,3,2315,"Aufträge der Omikron"
180,2,0,194012,0,1,0,0,0,1,11,"Café"
181,2,0,194013,0,1,0,0,0,1,12,"Karo"
182,2,0,194014,0,1,0,0,0,1,13,"Funkelnd"
183,2,0,194015,0,1,0,0,0,1,14,"Vertikale Streifen"
184,2,0,194016,0,1,0,0,0,1,15,"Horizontale Streifen"
185,2,0,194017,0,1,0,0,0,1,16,"Herzen"
186,2,0,194018,0,1,0,0,0,1,17,"Chevronstreifen "
187,2,0,194019,0,1,0,0,0,1,18,"Hanfblattmuster"
188,2,0,194020,0,1,0,0,0,1,19,"Gingham-Muster "
189,2,0,194021,0,1,0,0,0,1,20,"Kristall"
190,1,0,195012,0,1,0,0,0,1,11,"Fernöstlich"
191,4,0,198012,0,1,0,0,0,1,11,"Zickzack"
192,4,0,198013,0,1,0,0,0,1,12,"Deko-Tape: Warme Farbtöne"
193,4,0,198014,0,1,0,0,0,1,13,"Deko-Tape: Kalte Farbtöne"
194,5,0,199012,0,1,0,0,0,1,11,"Café"
195,5,0,199013,0,347,0,0,0,7,13,"Plektren"
196,5,0,199014,0,347,0,0,0,7,12,"Geige"
197,5,1,234401,0,348,0,0,0,6,5600,"Marionette Nr. 001"
198,5,1,234402,0,349,0,0,0,6,5000,"Chocobo-Küken"
199,5,1,234403,0,350,0,0,0,6,5050,"Kirschbomber"
200,5,1,234405,0,351,608,0,793,6,5051,"Baby-Behemoth"
201,5,1,234412,0,352,0,0,0,6,5052,"Morbol-Knolle"
202,5,1,234424,0,353,0,0,0,6,5063,"Staubhäschen"
203,5,1,234429,0,354,0,0,0,6,5064,"Kaktorfigur"
204,5,1,234430,0,355,0,0,0,6,5065,"Mini-Krabbe"
205,5,1,234436,0,356,0,0,0,6,5077,"Baby-Goobbue"
206,5,1,234439,0,357,0,0,0,6,5079,"Dämonenwürfel"
207,5,1,234444,0,358,609,0,0,6,5656,"Zeigerhändchen"
208,5,1,234446,0,359,0,0,0,6,5350,"Qiqirn-Stofftier"
209,5,1,234450,0,360,0,0,0,6,5066,"Wolfshundwelpe"
210,5,1,234452,0,361,0,0,0,6,5057,"Mini-Coeurl"
211,5,1,234453,0,362,0,0,0,6,5060,"Tomberry-Stofftier"
212,5,1,234471,0,363,0,0,0,6,5659,"Emsiger Besen"
213,5,1,234472,0,364,610,0,795,6,5002,"Mogry-Stofftier"
214,5,1,234487,0,365,0,0,0,6,5201,"Nussfresser"
215,5,1,234507,0,366,0,0,0,6,5202,"Dicke Katze"
216,5,1,234511,0,367,0,0,0,6,5750,"Flusskobold"
217,5,1,234542,0,368,0,0,0,6,5650,"Begleitmodul"
218,5,1,234558,0,369,0,0,0,6,5092,"Paissa-Fratz"
219,5,1,234566,0,370,0,0,0,6,5094,"Korpokkur-Pflänzchen"
220,5,1,234641,0,371,0,0,0,6,5251,"Obskurer Otter"
221,5,1,234653,0,372,0,0,0,6,5351,"Aufzieh-Namazuo"
222,5,1,234660,0,373,0,0,0,6,5542,"Khloe-Puppe"
223,5,1,234667,0,374,0,0,0,6,5210,"Mameshiba"
224,5,1,234737,0,375,0,0,0,6,5217,"Kleine Schlange von Ronka"
225,5,1,234742,0,376,0,0,0,6,5353,"Riesenbiber"
226,5,1,234775,0,377,0,0,0,6,5258,"Haikrieger"
227,5,1,234404,0,378,611,0,796,6,5602,"Cait Sith-Puppe"
228,5,1,234416,0,379,0,0,0,6,5300,"Blaues Vögelchen"
229,5,1,234432,0,380,0,0,0,6,5067,"Dodo-Küken"
230,5,1,234435,0,381,0,0,0,6,5076,"Apkallu-Küken"
231,5,1,234441,0,382,0,0,0,6,5080,"Schäfchen"
232,5,1,234442,0,383,0,0,0,6,5068,"Kindragora"
233,5,1,234462,0,384,0,0,0,6,5083,"Schnatterfauler Kolibri"
234,5,1,234475,0,385,0,0,0,6,5085,"Sukkubus-Puppe"
235,5,1,234476,0,386,612,624,0,6,5570,"Aufzieh-Gilgamesch"
236,5,1,234477,0,387,0,0,0,6,5069,"Prinz Zwiebel"
237,5,1,234478,0,388,0,0,0,6,5070,"Ritter Aubergine"
238,5,1,234479,0,389,0,0,0,6,5071,"Sir Knoblauch"
239,5,1,234480,0,390,0,0,0,6,5072,"König Tomate"
240,5,1,234481,0,391,0,0,0,6,5073,"Königin Mandragora"
241,5,1,234504,0,392,0,0,0,6,5572,"Aufzieh-Ultros"
242,5,1,234521,0,393,0,0,0,6,5571,"Aufzieh-Enkidu"
243,5,1,234529,0,394,0,0,0,6,5089,"Mini-Atomos"
244,5,1,234532,0,395,0,0,0,6,5090,"Geira-Kätzchen"
245,5,1,234534,0,396,0,0,0,6,5204,"Rotpanda-Stofftier"
246,5,1,234564,0,397,0,0,0,6,5304,"Pinguinprinz"
247,5,1,234600,0,398,0,0,0,6,5751,"Ferkelchen"
248,5,1,234616,0,399,0,0,0,6,5101,"Frischling"
249,5,1,234647,0,400,0,0,0,6,5305,"Straßenspatz"
250,5,1,234655,0,401,0,0,0,6,5605,"Aufzieh-Chimära"
251,5,1,234719,0,402,0,0,0,6,5104,"Schnee-Korpokkur"
252,5,1,234642,0,403,0,0,0,6,5207,"Fuchswelpe"
253,5,1,234749,0,404,0,0,0,6,5306,"Schuhschnäbelchen"
254,5,1,234753,0,405,0,0,0,6,5106,"Mini-Quiexie"
255,5,1,234787,0,406,0,0,0,6,5221,"Sandfuchs"
256,5,1,234796,0,407,0,0,0,6,5260,"Anhänglicher Momora Mora"
257,5,0,199962,0,429,0,0,0,3,2311,"Aufträge der Pixies"
258,5,0,199963,0,430,0,0,0,3,2312,"Aufträge der Qitari"
259,5,0,199964,0,431,0,0,0,3,2313,"Aufträge der Zwerge"
260,5,0,199965,0,432,0,0,0,3,2314,"Aufträge der Arkasodara"
261,5,0,199967,0,433,0,0,0,3,2316,"Aufträge der Loporrit"
262,1,0,195705,0,434,0,0,0,4,2504,"Omega (fatal)"
263,3,0,197706,0,434,0,0,0,4,2504,"Omega (fatal)"
264,4,0,198705,0,434,0,0,0,4,2504,"Omega (fatal)"
265,5,0,199705,0,434,0,0,0,4,2504,"Omega (fatal)"
266,5,1,234506,0,435,0,0,0,6,5001,"Chocopummelchen"
267,5,1,234451,0,436,0,0,0,6,5081,"Schleimpfütze"
268,5,1,234470,0,437,0,0,0,6,5084,"Stoff-Opo-Opo"
269,5,1,234508,0,438,0,0,0,6,5087,"Kleinfuß"
270,5,1,234563,0,439,0,0,0,6,5093,"Stumpfauge"
271,5,1,234579,0,440,0,0,0,6,5095,"Morpho"
272,5,1,234580,0,441,0,0,0,6,5096,"Poro Roggo"
273,5,1,234805,0,442,0,0,0,6,5108,"Tröpfel"
274,5,1,234646,0,443,0,0,0,6,5209,"Bom Boko"
275,5,1,234730,0,444,0,0,0,6,5215,"Igel"
276,5,1,234862,0,445,0,0,0,6,5229,"Flughörnchen"
277,5,1,234658,0,446,0,0,0,6,5252,"Ghido"
278,5,1,234672,0,447,0,0,0,6,5253,"Gomashio-Seehund"
279,5,1,234673,0,448,0,0,0,6,5254,"Axolotl-Molch"
280,5,1,234740,0,449,0,0,0,6,5256,"Baby-Schnabeltier"
281,5,1,234531,0,450,0,0,0,6,5302,"Hässliches Entlein"
282,5,1,234684,0,451,0,0,0,6,5463,"Byakko-Jungtier"
283,5,1,234703,0,452,0,0,0,6,5464,"Feuerpfau"
284,5,1,234727,0,453,0,0,0,6,5466,"Seitei"
285,5,1,234500,0,454,0,0,0,6,5500,"Y'shtola-Puppe"
286,5,1,234488,0,455,0,0,0,6,5503,"Minfilia-Puppe"
287,5,1,234489,0,456,0,0,0,6,5504,"Thancred-Puppe"
288,5,1,234501,0,457,0,0,0,6,5506,"Yda-Puppe"
289,5,1,234502,0,458,0,0,0,6,5508,"Papalymo-Puppe"
290,5,1,234503,0,459,0,0,0,6,5509,"Urianger-Puppe"
291,5,1,234519,0,460,0,0,0,6,5513,"Aufzieh-Alphinaud"
292,5,1,234520,0,461,0,0,0,6,5514,"Aufzieh-Alisaie"
293,5,1,234526,0,462,0,0,0,6,5516,"Tataru-Puppe"
294,5,1,234527,0,463,0,0,0,6,5518,"Cid-Puppe"
295,5,1,234856,0,464,0,0,0,6,5608,"Miaurizius-Puppe"
296,3,0,197711,0,465,0,0,0,4,2358,"Tiefes Gewölbe: Eureka Orthos 1"
297,3,0,197712,0,466,0,0,0,4,2359,"Tiefes Gewölbe: Eureka Orthos 2"
298,4,0,198706,0,467,0,0,0,3,2251,"Die vier Tierheiligen"
299,4,0,198707,0,468,0,0,0,8,2340,"Inselparadies 1"
300,4,0,198708,0,469,0,0,0,8,2341,"Inselparadies 2"
301,5,0,199706,0,468,0,0,0,8,2340,"Inselparadies 1"
302,5,0,199707,0,469,0,0,0,8,2341,"Inselparadies 2"
303,5,1,234863,0,472,0,0,0,6,5114,"Silkie-Schwämmchen"
304,5,1,234848,0,473,0,0,0,6,5230,"Chiwauwau"
305,5,1,234784,0,474,0,0,0,6,5091,"Geira-Flauschekatze"
306,5,1,234485,0,475,0,0,0,6,5200,"Nana-Stoffbär"
307,5,1,234733,0,476,0,0,0,6,5211,"Schwarzer Shiba-Welpe"
308,5,1,234671,0,477,0,0,0,6,5212,"Koala-Bärchen"
309,5,1,234716,0,478,0,0,0,6,5214,"Capybara-Jungtier"
310,5,1,234822,0,479,0,0,0,6,5223,"Fähnchen"
311,5,1,234867,0,480,0,0,0,6,5231,"Corgi"
312,5,1,234771,0,481,0,0,0,6,5307,"Langschwanzmeise"
313,5,1,234838,0,482,0,0,0,6,5113,"Laub-Klauber"
314,5,1,234844,0,483,0,0,0,6,5401,"Arkasodara-Puppe"
315,5,1,234839,0,484,0,0,0,6,5354,"Grebuloff-Puppe"
316,5,1,234872,0,485,0,0,0,6,5355,"Findingway"
317,5,1,234825,0,486,0,0,0,6,5652,"Optimus Omikron"
318,5,1,234744,0,487,0,0,0,6,5151,"Männliche Omega-Puppe"
319,5,1,234745,0,488,0,0,0,6,5152,"Weibliche Omega-Puppe"
320,5,1,234705,0,489,0,0,0,6,5150,"Mini-Omega"
321,5,1,234704,0,490,0,0,0,6,5577,"Alpha-Puppe"
322,5,1,234605,0,491,0,0,0,6,5519,"Krile-Puppe"
323,5,1,234624,0,492,0,0,0,6,5521,"Moenbryda-Puppe"
324,5,1,234515,0,493,0,0,0,6,5522,"Hildibrand-Puppe"
325,5,1,234499,0,494,613,625,0,6,5528,"Nanamo-Puppe"
326,5,1,234568,0,495,0,0,0,6,5532,"Haurchefant-Puppe"
327,5,1,234606,0,496,0,0,0,6,5534,"Aymeric-Puppe"
328,5,1,234628,0,497,0,0,0,6,5536,"Estinien-Puppe"
329,5,1,234575,0,498,0,0,0,6,5533,"Nero-Puppe"
330,5,1,234555,0,499,614,621,0,6,5526,"Aufzieh-Raubahn"
331,5,1,234553,0,500,615,622,0,6,5525,"Aufzieh-Kan-E"
332,5,1,234554,0,501,616,623,0,6,5524,"Aufzieh-Merlwyb"
333,5,0,199960,0,524,0,0,0,3,2308,"Aufträge der Kojin"
334,5,0,199959,0,525,0,0,0,3,2309,"Aufträge der Ananta"
335,5,0,199961,0,526,0,0,0,3,2310,"Aufträge der Namazuo"
336,3,0,197713,0,527,0,0,0,3,2250,"Das Ende einer Ära"
337,4,0,198709,0,527,0,0,0,3,2250,"Das Ende einer Ära"
338,5,0,199708,0,527,0,0,0,3,2250,"Das Ende einer Ära"
339,4,0,198710,0,523,0,0,0,7,3950,"10. Jubiläum"
340,5,0,199709,0,523,0,0,0,7,3950,"10. Jubiläum"
341,2,0,194702,0,528,0,0,0,4,2403,"Unstetes Gewölbe: Der Rokkon"
342,3,0,197714,0,528,0,0,0,4,2403,"Unstetes Gewölbe: Der Rokkon"
343,1,0,195706,0,529,0,0,0,8,2346,"Fischer auf großer Fahrt"
344,3,0,197715,0,529,0,0,0,8,2345,"Fischer auf großer Fahrt"
345,4,0,198711,0,529,0,0,0,8,2346,"Fischer auf großer Fahrt"
346,5,0,199710,0,529,0,0,0,8,2345,"Fischer auf großer Fahrt"
347,1,0,195707,0,530,0,0,0,8,2347,"Kapitalbeschaffung"
348,3,0,197716,0,530,0,0,0,8,2346,"Kapitalbeschaffung"
349,4,0,198712,0,530,0,0,0,8,2347,"Kapitalbeschaffung"
350,5,0,199711,0,530,0,0,0,8,2346,"Kapitalbeschaffung"
351,1,0,195708,0,531,0,0,0,8,2350,"Mahjong-Profi"
352,4,0,198713,0,531,0,0,0,8,2350,"Mahjong-Profi"
353,5,0,199712,0,531,0,0,0,8,2350,"Mahjong-Profi"
354,1,0,195709,0,527,0,0,0,3,2250,"Das Ende einer Ära"
355,5,1,234873,0,534,0,0,0,6,5074,"Privat-Pachypodium"
356,5,1,234886,0,535,0,0,0,6,5233,"Shiromaru"
357,5,1,234890,0,536,0,0,0,6,5234,"Kuromaru"
358,5,1,234678,0,537,0,0,0,6,5662,"Moai-Statuette"
359,5,1,234851,0,538,0,0,0,6,5158,"Azeyma-Puppe"
360,5,1,234874,0,539,0,0,0,6,5159,"Aufzieh-Halone"
361,5,1,234894,0,540,0,0,0,6,5160,"Aufzieh-Oschon"
362,5,1,234419,0,541,0,0,0,6,5059,"Kiesgolem"
363,5,1,234509,0,542,0,0,0,6,5088,"Mini-Mumie"
364,5,1,234582,0,543,0,0,0,6,5097,"Fenrir-Welpe"
365,5,1,234761,0,544,0,0,0,6,5107,"Kleine Leanan"
366,5,1,234609,0,545,0,0,0,6,5206,"Zwergkaninchen"
367,5,1,234756,0,546,0,0,0,6,5220,"Erdmännchen"
368,5,1,234510,0,547,0,0,0,6,5250,"Fliegender Kampffisch"
369,5,1,234530,0,548,0,0,0,6,5301,"Eulette"
370,5,1,234562,0,549,0,0,0,6,5303,"Jagdfalke"
371,5,1,234853,0,550,0,0,0,6,5309,"Blaufußtölpel"
372,5,1,234596,0,551,0,0,0,6,5501,"Neue Y'shtola-Puppe"
373,5,1,234617,0,552,0,0,0,6,5505,"Neue Thancred-Puppe"
374,5,1,234512,0,553,0,0,0,6,5511,"Aufzieh-Louisoix"
375,5,1,234618,0,554,0,0,0,6,5515,"Neue Alisaie-Puppe"
376,5,1,234876,0,555,0,0,0,6,5523,"Aufzieh-Godbert"
377,5,1,234538,0,556,617,0,802,6,5529,"Eisherz-Puppe"
378,5,1,234543,0,557,618,0,803,6,5530,"Yugiri-Puppe"
379,5,1,234619,0,558,0,0,0,6,5535,"Edda-Puppe"
380,5,1,234698,0,559,0,0,0,6,5541,"Zhloe-Puppe"
381,5,1,234706,0,560,0,0,0,6,5548,"G'raha Tia-Puppe"
382,5,1,234518,0,561,0,0,0,6,5573,"Midgardsormr"
383,5,1,234629,0,562,619,626,804,6,5574,"Hraesvelgr-Stofftier"
384,5,1,234633,0,563,620,0,805,6,5575,"Nidhogg-Stofftier"
385,5,1,234899,0,564,0,0,0,6,5800,"Pinke Bohne"
386,5,1,234900,0,565,0,0,0,6,5801,"Pegwin"
387,5,1,234898,0,566,0,0,0,6,5701,"Kleiner Torgal"
388,5,0,199956,0,567,0,0,0,3,2305,"Aufträge der Vanu Vanu"
389,5,0,199957,0,568,0,0,0,3,2306,"Aufträge der Gnath"
390,5,0,199958,0,569,0,0,0,3,2307,"Aufträge der Mogrys"
391,3,0,197720,0,572,0,0,0,3,2252,"Mythen Eorzeas"
392,4,0,198717,0,572,0,0,0,3,2252,"Mythen Eorzeas"
393,5,0,199715,0,572,0,0,0,3,2252,"Mythen Eorzeas"
394,3,0,197719,0,573,0,0,0,3,2242,"Tatarus Wohlstandsmanufaktur"
395,4,0,198716,0,573,0,0,0,3,2242,"Tatarus Wohlstandsmanufaktur"
396,2,0,194703,0,574,0,0,0,4,2404,"Unstetes Gewölbe: Aloalo"
397,3,0,197721,0,574,0,0,0,4,2404,"Unstetes Gewölbe: Aloalo"
398,1,0,195710,0,570,0,0,0,8,2351,"Khloes Abenteueralbum"
399,3,0,197717,0,570,0,0,0,8,2351,"Khloes Abenteueralbum"
400,4,0,198714,0,570,0,0,0,8,2351,"Khloes Abenteueralbum"
401,5,0,199713,0,570,0,0,0,8,2351,"Khloes Abenteueralbum"
402,1,0,195711,0,571,0,0,0,8,2352,"Traumtafel"
403,3,0,197718,0,571,0,0,0,8,2352,"Traumtafel"
404,4,0,198715,0,571,0,0,0,8,2352,"Traumtafel"
405,5,0,199714,0,571,0,0,0,8,2352,"Traumtafel"
406,1,0,195712,0,575,0,0,0,7,3951,"Stolperville 1"
407,1,0,195713,0,576,0,0,0,7,3952,"Stolperville 2"
408,1,0,195714,0,577,0,0,0,7,3953,"Stolperville 3"
409,1,0,195715,0,607,0,0,0,7,3954,"Yo-kai Watch"
410,4,0,198718,0,607,0,0,0,7,3954,"Yo-kai Watch"
411,5,0,199716,0,607,0,0,0,7,3954,"Yo-kai Watch"
412,5,1,234906,0,643,0,0,0,6,5216,"Repulu"
413,5,1,234891,0,644,0,0,0,6,5311,"Uolosapa"
414,5,1,234433,0,645,0,0,0,6,5075,"Kobalos-Larve"
415,5,1,234895,0,646,0,0,0,6,5667,"Kydonias Ausgang"
416,5,1,234854,0,647,0,0,0,6,5700,"Aufzieh-Koyo-Koyo"
417,5,1,234878,0,648,0,0,0,6,5310,"Papageientaucher"
418,5,1,234883,0,649,0,0,0,6,5232,"Schimpanse"
419,5,1,234648,0,658,0,0,0,6,5507,"Lyse-Puppe"
420,5,1,234664,0,659,0,0,0,6,5540,"Hien-Puppe"
421,5,1,234649,0,660,0,0,0,6,5531,"Neue Yugiri-Puppe"
422,5,1,234650,0,661,0,0,0,6,5538,"Gosetsu-Puppe"
423,5,1,234651,0,662,708,714,806,6,5539,"Yotsuyu-Puppe"
424,5,1,234652,0,663,0,0,0,6,5546,"Aufzieh-Grynewaht"
425,5,1,234676,0,664,0,0,0,6,5527,"Neue Raubahn-Puppe"
426,5,1,234682,0,665,0,0,0,6,5544,"Magnai-Puppe"
427,5,1,234697,0,666,0,0,0,6,5543,"Cirina-Puppe"
428,5,1,234696,0,667,0,0,0,6,5545,"Sadu-Puppe"
429,5,1,234720,0,668,709,715,807,6,5517,"Neue Tataru-Puppe"
430,5,1,234743,0,669,710,716,808,6,5465,"Aufzieh-Suzaku"
431,5,1,234731,0,670,0,0,0,6,5502,"Splitterwelt-Y'shtola"
432,5,1,234829,0,671,0,0,0,6,5510,"Neue Urianger-Puppe"
433,5,1,234760,0,672,0,0,0,6,5537,"Neue Estinien-Puppe"
434,5,1,234816,0,673,711,717,809,6,5555,"Lyna-Puppe"
435,5,1,234817,0,674,712,718,810,6,5556,"Runar-Puppe"
436,5,1,234776,0,675,713,719,811,6,5550,"Dulia-Chai-Puppe"
437,5,1,234732,0,676,0,0,0,6,5549,"Ryne-Puppe"
438,5,1,234798,0,677,0,0,0,6,5553,"Gaia-Puppe"
439,5,1,234781,0,678,0,0,0,6,5551,"Mystel-Puppe"
440,5,1,234782,0,679,0,0,0,6,5552,"Aufzieh-Ardbert"
441,5,1,234855,0,680,0,0,0,6,5559,"Aufzieh-Solus"
442,5,1,234413,0,650,0,0,0,6,5053,"Kleine Ratte"
443,5,1,234414,0,651,0,0,0,6,5054,"Mini-Pilz"
444,5,1,234415,0,652,0,0,0,6,5055,"Stechmücken-Larve"
445,5,1,234514,0,653,0,0,0,6,5058,"Schwarzer Coeurl"
446,5,1,234421,0,654,0,0,0,6,5062,"Baby-Raptor"
447,5,1,234461,0,655,0,0,0,6,5082,"Mini-Gedankenschinder"
448,5,1,234528,0,656,0,0,0,6,5203,"Kleinhorn"
449,5,1,234539,0,657,0,0,0,6,5205,"Gestahl-Schoßhund"
450,2,0,194241,0,705,0,0,0,2,2063,"Viper"
451,2,0,194242,0,706,0,0,0,2,2070,"Piktomant"
452,5,0,199954,0,694,0,0,0,3,2302,"Aufträge der Kobolde"
453,5,0,199952,0,695,0,0,0,3,2301,"Aufträge der Sylphen"
454,5,0,199951,0,696,0,0,0,3,2300,"Aufträge der Amalj'aa"
455,5,0,199955,0,697,0,0,0,3,2303,"Aufträge der Sahagin"
456,5,0,199953,0,698,0,0,0,3,2304,"Aufträge der Ixal"
457,1,0,195662,0,701,0,0,0,9,1036,"Tuliyollal 1"
458,3,0,197662,0,701,0,0,0,9,1036,"Tuliyollal 1"
459,4,0,198662,0,701,0,0,0,9,1036,"Tuliyollal 1"
460,1,0,195663,0,702,0,0,0,9,1037,"Tuliyollal 2"
461,3,0,197663,0,702,0,0,0,9,1037,"Tuliyollal 2"
462,4,0,198663,0,702,0,0,0,9,1037,"Tuliyollal 2"
463,1,0,195664,0,699,0,0,0,9,1038,"Lösung Neun 1"
464,3,0,197664,0,699,0,0,0,9,1038,"Lösung Neun 1"
465,4,0,198664,0,699,0,0,0,9,1038,"Lösung Neun 1"
466,1,0,195665,0,700,0,0,0,9,1039,"Lösung Neun 2"
467,3,0,197665,0,700,0,0,0,9,1039,"Lösung Neun 2"
468,4,0,198665,0,700,0,0,0,9,1039,"Lösung Neun 2"
469,5,1,234810,0,729,0,0,0,6,5261,"Delphinkalb"
470,5,1,234827,0,730,0,0,0,6,5578,"Sternenvogel"
471,5,1,234828,0,731,0,0,0,6,5224,"Nagxianische Katze"
472,5,1,234830,0,732,0,0,0,6,5576,"Aufzieh-Vrtra"
473,5,1,234832,0,733,0,0,0,6,5226,"Krabbenkrebs"
474,5,1,234833,0,734,0,0,0,6,5111,"Lunatender-Prinz"
475,5,1,234841,0,735,0,0,0,6,5558,"Heroische Puppe"
476,5,1,234843,0,736,0,0,0,6,5112,"Königlicher Lunatender"
477,5,1,234865,0,737,0,0,0,6,5561,"Philos-Puppe"
478,5,1,234866,0,738,0,0,0,6,5562,"Erichthonios-Puppe"
479,5,1,234877,0,739,0,0,0,6,5560,"Aufzieh-Aidoneus"
480,5,1,234887,0,740,0,0,0,6,5563,"Aufzieh-Athena"
481,5,1,234896,0,741,0,0,0,6,5609,"Badesion"
482,5,1,234901,0,742,784,788,812,6,5568,"Hydaelyn-Götze"
483,5,1,234902,0,743,785,789,813,6,5569,"Zodiark-Götze"
484,5,1,234903,0,744,786,790,814,6,5512,"Aufzieh-Fourchenault"
485,5,1,234909,0,745,0,0,0,6,5235,"Alpaka-Cria"
486,5,1,234912,0,746,0,0,0,6,5237,"Ilyikty'i"
487,5,1,234913,0,747,0,0,0,6,5313,"Quetzal"
488,5,1,234914,0,748,0,0,0,6,5238,"Kurzbeiniger Kojote"
489,5,1,234916,0,749,0,0,0,6,5668,"Meister Mais"
490,5,1,234917,0,750,0,0,0,6,5115,"Murmelkaktor"
491,5,1,234918,0,751,0,0,0,6,5239,"Blaugraue Katze"
492,5,1,234922,0,752,0,0,0,6,5653,"Zinnwächter T1"
493,5,1,234925,0,753,0,0,0,6,5520,"Neue Krile-Puppe"
494,5,1,234926,0,754,787,791,815,6,5565,"Zero-Puppe"
495,5,1,234927,0,755,0,0,0,6,5567,"Aufzieh-Erenville"
496,5,0,199968,0,767,0,0,0,3,2317,"Aufträge der Pelupelu"
497,1,0,195654,0,768,0,0,0,9,1020,"Ishgard 1"
498,3,0,197654,0,768,0,0,0,9,1020,"Ishgard 1"
499,4,0,198654,0,768,0,0,0,9,1020,"Ishgard 1"
500,1,0,195672,0,769,0,0,0,9,1021,"Ishgard 2"
501,3,0,197672,0,769,0,0,0,9,1021,"Ishgard 2"
502,4,0,198672,0,769,0,0,0,9,1021,"Ishgard 2"
503,1,0,195655,0,770,0,0,0,9,1022,"Frohehalde 1"
504,3,0,197655,0,770,0,0,0,9,1022,"Frohehalde 1"
505,4,0,198655,0,770,0,0,0,9,1022,"Frohehalde 1"
506,1,0,195673,0,771,0,0,0,9,1023,"Frohehalde 2"
507,3,0,197673,0,771,0,0,0,9,1023,"Frohehalde 2"
508,4,0,198673,0,771,0,0,0,9,1023,"Frohehalde 2"
509,1,0,195656,0,772,0,0,0,9,1024,"Kugane 1"
510,3,0,197656,0,772,0,0,0,9,1024,"Kugane 1"
511,4,0,198656,0,772,0,0,0,9,1024,"Kugane 1"
512,1,0,195668,0,773,0,0,0,9,1025,"Kugane 2"
513,3,0,197666,0,773,0,0,0,9,1025,"Kugane 2"
514,4,0,198666,0,773,0,0,0,9,1025,"Kugane 2"
515,1,0,195657,0,774,0,0,0,9,1026,"Rhalgrs Wacht 1"
516,3,0,197657,0,774,0,0,0,9,1026,"Rhalgrs Wacht 1"
517,4,0,198657,0,774,0,0,0,9,1026,"Rhalgrs Wacht 1"
518,1,0,195669,0,775,0,0,0,9,1027,"Rhalgrs Wacht 2"
519,3,0,197667,0,775,0,0,0,9,1027,"Rhalgrs Wacht 2"
520,4,0,198667,0,775,0,0,0,9,1027,"Rhalgrs Wacht 2"
521,1,0,195658,0,776,0,0,0,9,1028,"Crystarium 1"
522,3,0,197658,0,776,0,0,0,9,1028,"Crystarium 1"
523,4,0,198658,0,776,0,0,0,9,1028,"Crystarium 1"
524,1,0,195670,0,777,0,0,0,9,1029,"Crystarium 2"
525,3,0,197670,0,777,0,0,0,9,1029,"Crystarium 2"
526,4,0,198670,0,777,0,0,0,9,1029,"Crystarium 2"
527,1,0,195659,0,778,0,0,0,9,1030,"Eulmore 1"
528,3,0,197659,0,778,0,0,0,9,1030,"Eulmore 1"
529,4,0,198659,0,778,0,0,0,9,1030,"Eulmore 1"
530,1,0,195671,0,779,0,0,0,9,1031,"Eulmore 2"
531,3,0,197671,0,779,0,0,0,9,1031,"Eulmore 2"
532,4,0,198671,0,779,0,0,0,9,1031,"Eulmore 2"
533,1,0,195660,0,780,0,0,0,9,1032,"Alt-Sharlayan 1"
534,3,0,197660,0,780,0,0,0,9,1032,"Alt-Sharlayan 1"
535,4,0,198660,0,780,0,0,0,9,1032,"Alt-Sharlayan 1"
536,1,0,195666,0,781,0,0,0,9,1033,"Alt-Sharlayan 2"
537,3,0,197668,0,781,0,0,0,9,1033,"Alt-Sharlayan 2"
538,4,0,198668,0,781,0,0,0,9,1033,"Alt-Sharlayan 2"
539,1,0,195661,0,782,0,0,0,9,1034,"Radz-at-Han 1"
540,3,0,197661,0,782,0,0,0,9,1034,"Radz-at-Han 1"
541,4,0,198661,0,782,0,0,0,9,1034,"Radz-at-Han 1"
542,1,0,195667,0,783,0,0,0,9,1035,"Radz-at-Han 2"
543,3,0,197669,0,783,0,0,0,9,1035,"Radz-at-Han 2"
544,4,0,198669,0,783,0,0,0,9,1035,"Radz-at-Han 2"
545,5,1,234608,0,822,0,0,0,6,5100,"Sasquatch-Stofftier"
546,5,1,234924,0,823,0,0,0,6,5153,"Schwarzes Kätzchen"
547,5,1,234643,0,824,0,0,0,6,5208,"Tora-jiro"
548,5,1,234769,0,825,0,0,0,6,5218,"Wasserschlange des Hopl"
549,5,1,234770,0,826,0,0,0,6,5219,"Wasserschlange der Qitari"
550,5,1,234809,0,827,0,0,0,6,5222,"Ameisenbär"
551,5,1,234831,0,828,0,0,0,6,5225,"Flusspferdkalb"
552,5,1,234845,0,829,0,0,0,6,5228,"Aufzieh-Känguru"
553,5,1,234932,0,830,0,0,0,6,5240,"Shshuye"
554,5,1,234683,0,831,0,0,0,6,5255,"Aurelia-Polyp"
555,5,1,234759,0,832,0,0,0,6,5257,"Domakin"
556,5,1,234778,0,833,0,0,0,6,5259,"Laladil"
557,5,1,234907,0,834,0,0,0,6,5262,"Mini-Punutiy"
558,5,1,234931,0,835,0,0,0,6,5314,"Tuka-Tukitu"
559,5,1,234567,0,836,0,0,0,6,5450,"Mini-Ifrit"
560,5,1,234572,0,837,0,0,0,6,5451,"Mini-Garuda"
561,5,1,234573,0,838,0,0,0,6,5452,"Mini-Titan"
562,5,1,234574,0,839,0,0,0,6,5453,"Mini-Leviathan"
563,5,1,234598,0,840,0,0,0,6,5454,"Mini-Ramuh"
564,5,1,234599,0,841,0,0,0,6,5455,"Mini-Shiva"
565,5,1,234468,0,842,0,0,0,6,5456,"Mini-Odin"
566,5,1,234663,0,843,0,0,0,6,5457,"Aufzieh-Bismarck"
567,5,1,234665,0,844,0,0,0,6,5458,"Mini-Ravana"
568,5,1,234661,0,845,0,0,0,6,5459,"Susano-Puppe"
569,5,1,234662,0,846,0,0,0,6,5460,"Lakshmi-Puppe"
570,5,1,234938,0,847,0,0,0,6,5564,"Themis-Puppe"
571,5,1,234934,0,848,0,0,0,6,5610,"Pelupelu-Puppe"
572,5,1,234935,0,849,0,0,0,6,5654,"Spielzeugsoldat S3"
573,5,1,234786,0,850,0,0,0,6,5664,"Allagische Melone"
574,5,1,234936,0,851,0,0,0,6,5669,"Meister Messer"
575,1,0,195716,0,872,0,0,0,4,2505,"Eine zweite Zukunft"
576,3,0,197722,0,872,0,0,0,4,2505,"Eine zweite Zukunft"
577,4,0,198719,0,872,0,0,0,4,2505,"Eine zweite Zukunft"
578,5,0,199717,0,872,0,0,0,4,2505,"Eine zweite Zukunft"
579,5,0,199969,0,873,0,0,0,3,2318,"Aufträge der Mamool Ja"
580,3,0,197707,0,874,0,0,0,4,2354,"Tiefes Gewölbe: Palast der Toten 1"
581,3,0,197708,0,875,0,0,0,4,2355,"Tiefes Gewölbe: Palast der Toten 2"
582,3,0,197709,0,876,0,0,0,4,2356,"Tiefes Gewölbe: Himmelssäule 1"
583,3,0,197710,0,877,0,0,0,4,2357,"Tiefes Gewölbe: Himmelssäule 2"
584,1,0,195717,0,879,0,0,0,4,2405,"Kreszentia"
585,3,0,197723,0,879,0,0,0,4,2406,"Kreszentia"
586,4,0,198720,0,879,0,0,0,4,2405,"Kreszentia"
587,1,0,195718,0,878,0,0,0,8,2343,"Kosmo-Erkundung 1"
588,4,0,198721,0,878,0,0,0,8,2343,"Kosmo-Erkundung 1"
589,5,0,199718,0,878,0,0,0,8,2343,"Kosmo-Erkundung 1"
590,5,1,234544,0,885,0,0,0,6,5603,"Peridot-Karfunkel"
591,5,1,234545,0,886,0,0,0,6,5604,"Heliodor-Karfunkel"
592,5,1,234630,0,887,0,0,0,6,5601,"Gigi"
593,5,1,234675,0,888,0,0,0,6,5461,"Mini-Shinryu"
594,5,1,234679,0,889,0,0,0,6,5213,"Schneewiesel"
595,5,1,234699,0,890,0,0,0,6,5462,"Tsukuyomi-Puppe"
596,5,1,234725,0,891,0,0,0,6,5547,"Fran-Puppe"
597,5,1,234735,0,892,0,0,0,6,5352,"Fuath-Puppe"
598,5,1,234774,0,893,0,0,0,6,5607,"Ascian-Puppe"
599,5,1,234808,0,894,0,0,0,6,5308,"Möwe"
600,5,1,234812,0,895,0,0,0,6,5554,"Señorita Kaktor"
601,5,1,234818,0,896,0,0,0,6,5557,"Gunnhildr-Puppe"
602,5,1,234835,0,897,0,0,0,6,5227,"Caduceus"
603,5,1,234860,0,898,0,0,0,6,5470,"Scarmiglione-Puppe"
604,5,1,234871,0,899,0,0,0,6,5471,"Aufzieh-Cagnazzo"
605,5,1,234888,0,900,0,0,0,6,5472,"Aufzieh-Barbarizia"
606,5,1,234897,0,901,0,0,0,6,5473,"Aufzieh-Golbez"
607,5,1,234949,0,902,0,0,0,6,5117,"Psamathe"
608,5,1,234950,0,903,0,0,0,6,5118,"Naiad"
609,5,1,234951,0,904,0,0,0,6,5119,"Deimos"
610,5,1,234944,0,905,0,0,0,6,5116,"Ja Tiika-Blättrich"
611,5,1,234945,0,906,0,0,0,6,5566,"Gulool Ja Ja-Puppe"
612,5,1,234948,0,907,0,0,0,6,5655,"Mini-Minimecha"
613,5,1,234952,0,908,0,0,0,6,5120,"Pfennigkröte"
614,5,1,234953,0,909,0,0,0,6,5241,"Royaler Hund"
615,5,1,234941,0,910,0,0,0,6,5312,"Skalla-Uolosapa"
616,5,1,234954,0,911,0,0,0,6,5752,"Saikrii-Küken"
617,5,1,234955,0,912,0,0,0,6,5753,"Vitalitätswespe"
618,5,1,234965,0,913,0,0,0,6,5400,"Feo Ul-Puppe"
619,5,1,234946,0,914,0,0,0,6,5121,"Mini-Putschi"
620,5,1,234947,0,915,0,0,0,6,5122,"Bettelcätzchen"
621,2,0,194704,0,943,0,0,0,7,3955,"Monster Hunter Wilds 1"
622,1,0,195719,0,943,0,0,0,7,3955,"Monster Hunter Wilds 1"
623,3,0,197724,0,943,0,0,0,7,3955,"Monster Hunter Wilds 1"
624,4,0,198722,0,943,0,0,0,7,3955,"Monster Hunter Wilds 1"
625,5,0,199719,0,943,0,0,0,7,3955,"Monster Hunter Wilds 1"
626,1,0,195720,0,944,0,0,0,7,3956,"Monster Hunter Wilds 2"
627,3,0,197725,0,944,0,0,0,7,3956,"Monster Hunter Wilds 2"
628,4,0,198723,0,944,0,0,0,7,3956,"Monster Hunter Wilds 2"
629,5,0,199720,0,944,0,0,0,7,3956,"Monster Hunter Wilds 2"
630,5,0,199970,0,938,0,0,0,3,2319,"Aufträge der Yok Huy"
631,3,0,197726,0,941,0,0,0,4,2400,"Tiefes Gewölbe: Pilgers Pfad 1"
632,3,0,197727,0,942,0,0,0,4,2401,"Tiefes Gewölbe: Pilgers Pfad 2"
633,1,0,195721,0,940,0,0,0,8,2344,"Kosmo-Erkundung 2"
634,4,0,198724,0,940,0,0,0,8,2344,"Kosmo-Erkundung 2"
635,5,0,199721,0,940,0,0,0,8,2344,"Kosmo-Erkundung 2"
636,3,0,197728,0,939,0,0,0,8,2342,"Inselparadies 3"
637,4,0,198725,0,939,0,0,0,8,2342,"Inselparadies 3"
638,5,0,199722,0,939,0,0,0,8,2342,"Inselparadies 3"
639,5,1,234417,0,945,0,0,0,6,5056,"Rehkitz"
640,5,1,234420,0,946,0,0,0,6,5061,"Zwergschildkröte"
641,5,1,234437,0,947,0,0,0,6,5078,"Mini-Pudding"
642,5,1,234465,0,948,0,0,0,6,5657,"Portable Studiosonne"
643,5,1,234483,0,949,0,0,0,6,5086,"Schatzkiste"
644,5,1,234517,0,950,0,0,0,6,5154,"Wölkchen der Dunkelheit"
645,5,1,234513,0,951,0,0,0,6,5660,"Beseeltes Päckchen"
646,5,1,234601,0,952,0,0,0,6,5661,"Magischer Eimer"
647,5,1,234613,0,953,0,0,0,6,5098,"Pegasus-Fohlen"
648,5,1,234607,0,954,0,0,0,6,5156,"Mini-Calofisteri"
649,5,1,234614,0,955,1038,1039,1040,6,5680,"Namingway-Puppe"
650,5,1,234632,0,956,0,0,0,6,5157,"Aufzieh-Scathach"
651,5,1,234637,0,957,0,0,0,6,5658,"Portabler Studiomond"
652,5,1,234700,0,958,0,0,0,6,5663,"Uhrwerk-Laterne"
653,5,1,234712,0,959,0,0,0,6,5102,"Schlammprinz"
654,5,1,234717,0,960,1041,1042,1043,6,5103,"Baby-Gremlin"
655,5,1,234738,0,961,0,0,0,6,5105,"Mini-Riesenkaktor"
656,5,1,234751,0,962,0,0,0,6,5651,"Eisenfrosch"
657,5,1,234768,0,963,0,0,0,6,5606,"Grasgrummelchen"
658,5,1,234777,0,964,0,0,0,6,5109,"Amaro-Küken"
659,5,1,234814,0,965,0,0,0,6,5665,"Reise-Lagerfeuer"
660,5,1,234823,0,966,0,0,0,6,5110,"Klein-Ea"
661,5,1,234836,0,967,0,0,0,6,5666,"Abenteurerkorb"
662,5,1,234882,0,968,0,0,0,6,5467,"Rubellit-Waffe"
663,5,1,234893,0,969,0,0,0,6,5468,"Turmalin-Waffe"
664,5,1,234911,0,970,0,0,0,6,5236,"Halblanghorn"
665,5,1,234930,0,971,0,0,0,6,5469,"Adamantit-Waffe"
666,5,1,234937,0,972,0,0,0,6,5155,"Dunstwölkchen der Dunkelheit"
667,5,1,234964,0,973,0,0,0,6,5315,"Mini-Krähe"
668,5,1,234966,0,974,0,0,0,6,5263,"Manta-Manta"
669,0,0,0,0,0,0,0,0,0,0,""
670,0,0,0,0,0,0,0,0,0,0,""
671,0,0,0,0,0,0,0,0,0,0,""
672,0,0,0,0,0,0,0,0,0,0,""
673,4,0,198015,0,1044,0,0,0,7,14,"Schlichter Stil 1"
674,4,0,198016,0,1045,0,0,0,7,15,"Schlichter Stil 2"
675,4,0,198017,0,1046,0,0,0,7,16,"Schlichter Stil 3"
676,4,0,198018,0,1047,0,0,0,7,17,"Schlichter Stil 4"
677,4,0,198019,0,1048,0,0,0,7,18,"Schlichter Stil 5"
678,4,0,198020,0,1049,0,0,0,7,19,"Schlichter Stil 6"
679,4,0,198021,0,1050,0,0,0,7,20,"Schlichter Stil 7"
680,4,0,198022,0,1051,0,0,0,7,21,"Schlichter Stil 8"
681,0,0,0,0,0,0,0,0,0,0,""
682,0,0,0,0,0,0,0,0,0,0,""
683,0,0,0,0,0,0,0,0,0,0,""
684,0,0,0,0,0,0,0,0,0,0,""
685,0,0,0,0,0,0,0,0,0,0,""
686,0,0,0,0,0,0,0,0,0,0,""
687,0,0,0,0,0,0,0,0,0,0,""
688,0,0,0,0,0,0,0,0,0,0,""
689,0,0,0,0,0,0,0,0,0,0,""
690,0,0,0,0,0,0,0,0,0,0,""
691,0,0,0,0,0,0,0,0,0,0,""
692,0,0,0,0,0,0,0,0,0,0,""
693,0,0,0,0,0,0,0,0,0,0,""
694,0,0,0,0,0,0,0,0,0,0,""
695,0,0,0,0,0,0,0,0,0,0,""
696,0,0,0,0,0,0,0,0,0,0,""
697,0,0,0,0,0,0,0,0,0,0,""
698,0,0,0,0,0,0,0,0,0,0,""
699,0,0,0,0,0,0,0,0,0,0,""
700,0,0,0,0,0,0,0,0,0,0,""
