key,0
#,String
offset,0
Int32,String
0,""
1,"Eidbalken"
2,"Mit der Fähigkeit <hex:024804F201F603><hex:024904F201F703>Schild-Eid<hex:0249020103><hex:0248020103> begibst du dich in die Rolle des noblen Beschützers, der seine Gefährten wie kein anderer vor Gefahren zu schützen weiß. Ist diese Verteidigungshaltung aktiv, wird sie dir als spezielles Symbol angezeigt<hex:021D0103>- das sogenannte Eidwappen. Spreche den Schild-Eid immer dann, wenn es die Aufmerksamkeit deiner Widersacher auf dir zu halten gilt!"
3,"Die Erklärung zum Job-Balken kannst du jederzeit über „Kommandos & Eigenschaften“ einsehen."
4,"Eidbalken"
5,"Mit der Eigenschaft <hex:024804F201F603><hex:024904F201F703>Eidmeister<hex:0249020103><hex:0248020103> steht dir zusätzlich zum Eidwappen nun auch der Eidbalken zur Verfügung. Mit jeder erfolgreichen Auto-Attacke füllt er sich auf, also trainiere deinen Schwertarm gut!<hex:02100103>Mit deiner angesammelten Eidenergie kannst du die mächtigen Fä<hex:02160103>hig<hex:02160103>kei<hex:02160103>ten <hex:024804F201F603><hex:024904F201F703>Schiltron<hex:0249020103><hex:0248020103>, <hex:024804F201F603><hex:024904F201F703>Deckung<hex:0249020103><hex:0248020103> (Stufe 45) und <hex:024804F201F603><hex:024904F201F703>Intervention<hex:0249020103><hex:0248020103> (Stufe 62) ausführen, um das Schlachtfeld vollends zu dominieren!"
6,"Urkraftbalken"
7,"Mit dem Erlernen der Fähigkeit <hex:024804F201F603><hex:024904F201F703>Verteidiger<hex:0249020103><hex:0248020103> wirst du zu einem schier unbesiegbaren Schutzwall, der die Attacken seiner Feinde stoisch wegzustecken vermag. Ist diese Verteidigungshaltung aktiv, wird sie dir als spezielles Symbol angezeigt. Werde immer dann zum Verteidiger, wenn es die Aufmerksamkeit deiner Widersacher auf dir zu halten gilt!"
8,"Urkraftbalken"
9,"Mit der <hex:024804F201F603><hex:024904F201F703>Urkraft<hex:0249020103><hex:0248020103> steht dir zusätzlich zum Verteidiger-Symbol nun auch der Urkraftbalken zur Verfügung. Mit der Ausführung bestimmter Kommandos lässt du deinen Kampfinstinkten freien Lauf und füllst so den Balken auf.<hex:02100103>Diese angesammelte Urkraft kann aufgebraucht werden, um mächtige Fä<hex:02160103>hig<hex:02160103>kei<hex:02160103>ten wie <hex:024804F201F603><hex:024904F201F703>Tier in dir<hex:0249020103><hex:0248020103> und <hex:024804F201F603><hex:024904F201F703>Kreiselklinge<hex:0249020103><hex:0248020103> zu entfesseln."
10,"Blutbalken"
11,"Mit der Fähigkeit <hex:024804F201F603><hex:024904F201F703>Zähigkeit<hex:0249020103><hex:0248020103> stählst du Körper und Seele, um auch den stärksten Feinden die Stirn zu bieten. Ist diese Verteidigungshaltung aktiv, wird sie dir als spezielles Symbol angezeigt. Nutze Zähigkeit immer dann, wenn es die Aufmerksamkeit deiner Widersacher auf dir zu halten gilt!"
12,"Mal der Dunklen Seite"
13,"Mit der Fähigkeit <hex:024804F201F603><hex:024904F201F703>Finstere Flut<hex:0249020103><hex:0248020103> steht dir zusätzlich zum Zähigkeits-Symbol nun auch das Mal der Dunklen Seite zur Verfügung. Führst du <hex:024804F201F603><hex:024904F201F703>Finstere Flut<hex:0249020103><hex:0248020103> aus, so hüllst du dich gänzlich in schwärzeste Finsternis und verleihst dir den Status <hex:024804F201FA03><hex:024904F201FB03>Dunkle Seite<hex:0249020103><hex:0248020103>. Er erhöht den Schaden deiner Angriffe, deine Klinge damit zu einer noch tödlicheren Waffe machend."
14,"Blutbalken"
15,"Mit der Eigenschaft <hex:024804F201F603><hex:024904F201F703>Schwarzblut<hex:0249020103><hex:0248020103> steht dir zusätzlich zum Zähigkeits-Symbol nun auch der Blutbalken zur Verfügung. Mit der Ausführung bestimmter Kommandos weckst du die Dunkle Macht in dir und füllst so den Balken auf.<hex:02100103>Die im Blutbalken angesammelte Energie kann aufgebraucht werden, um die mächtigen Fä<hex:02160103>hig<hex:02160103>kei<hex:02160103>ten <hex:024804F201F603><hex:024904F201F703>Blutvergießen<hex:0249020103><hex:0248020103> und <hex:024804F201F603><hex:024904F201F703>Quietus<hex:0249020103><hex:0248020103> (Stufe 64) zu entfesseln."
16,"Mal der Dunklen Seite"
17,"Mit deiner Meis<hex:02160103>ter<hex:02160103>schaft über die Fähigkeit <hex:024804F201F603><hex:024904F201F703>Schwärzeste Nacht<hex:0249020103><hex:0248020103> hast du nun auch die Dunklen Künste erlernt! Wird die von <hex:024804F201F603><hex:024904F201F703>Schwärzeste Nacht<hex:0249020103><hex:0248020103> gewährte Barriere vollständig konsumiert, so füllt sich das zugehörige Symbol. Ist es aktiv, kannst du damit <hex:024804F201F603><hex:024904F201F703>Finstere Flut<hex:0249020103><hex:0248020103> oder <hex:024804F201F603><hex:024904F201F703>Finstere Klinge<hex:0249020103><hex:0248020103> auslösen <hex:021D0103>- statt MP werden dabei die Dunklen Künste verbraucht."
18,"Mal der Dunklen Seite"
19,"Das Auslösen der Fähigkeit <hex:024804F201F603><hex:024904F201F703>Schattenschemen<hex:0249020103><hex:0248020103> bringt einen unerwarteten Verbündeten mit sich! Ein Heldenschemen formt sich aus deiner Dunklen Macht und kämpft wacker an deiner Seite. Dein Mal der Dunklen Seite zeigt dir an, wie lange der Schemen bestehen bleibt."
20,"Heilbalken"
21,"Mit der Eigenschaft <hex:024804F201F603><hex:024904F201F703>Geheimnis der Lilie<hex:0249020103><hex:0248020103> erblühen von nun an <hex:024804F201FA03><hex:024904F201FB03>Lilien<hex:0249020103><hex:0248020103> für dich. Nach einer bestimmten Zeit, die du im Kampf verbringst, erblüht eine solche <hex:024804F201FA03><hex:024904F201FB03>Lilie<hex:0249020103><hex:0248020103> entlang deines Heilbalkens für dich<hex:021D0103>- dort kannst du jederzeit sehen, wie viele dir gerade zur Verfügung stehen. Konsumiere ihre mystischen Kräfte, um mächtige Zauber wie <hex:024804F201F603><hex:024904F201F703>Afflatus solatii<hex:0249020103><hex:0248020103> und <hex:024804F201F603><hex:024904F201F703>Afflatus laetitiae<hex:0249020103><hex:0248020103> zu wirken!"
22,"Heilbalken"
23,"Die Eigenschaft <hex:024804F201F603><hex:024904F201F703>Verbessertes Afflatus solatii<hex:0249020103><hex:0248020103> erlaubt dir, neben regulären <hex:024804F201FA03><hex:024904F201FB03>Lilien<hex:0249020103><hex:0248020103> nun auch eine <hex:024804F201FA03><hex:024904F201FB03>Blutlilie<hex:0249020103><hex:0248020103> zum Erblühen zu bringen<hex:021D0103>- sie öffnet sich in drei Stufen. Erst durch sie kann der zerstörerische Zauber <hex:024804F201F603><hex:024904F201F703>Afflatus miseriae<hex:0249020103><hex:0248020103> gewirkt werden."
24,"Ätherstrombalken"
25,"Wirkst du die Fähigkeit <hex:024804F201F603><hex:024904F201F703>Ätherfluss<hex:0249020103><hex:0248020103>, so werden die dir verliehenen Aufladungen nun als leuchtende Symbole im sogenannten Ätherstrombalken angezeigt."
26,"Feenbalken"
27,"Mit deiner Meis<hex:02160103>ter<hex:02160103>schaft über die Fähigkeit <hex:024804F201F603><hex:024904F201F703>Ätherpakt<hex:0249020103><hex:0248020103> steht dir nun auch der Feenbalken zur Verfügung! Er füllt sich immer dann mit Feenäther, wenn du Ätherfluss für Zauber wie <hex:024804F201F603><hex:024904F201F703>Revitalisierung<hex:0249020103><hex:0248020103> oder <hex:024804F201F603><hex:024904F201F703>Weise Voraussicht<hex:0249020103><hex:0248020103> verbrauchst. Mit dem angesammelten Feenäther können daraufhin starke magische Fä<hex:02160103>hig<hex:02160103>kei<hex:02160103>ten wie <hex:024804F201F603><hex:024904F201F703>Ätherpakt<hex:0249020103><hex:0248020103> gewirkt werden, solange du dich im Kampf befindest und deine Fee beschworen ist."
28,"Feenbalken"
29,"Nach intensiven Studien hat sich dir die Fähigkeit <hex:024804F201F603><hex:024904F201F703>Seraph-Beschwörung<hex:0249020103><hex:0248020103> erschlossen. Diese mysteriöse Fähigkeit verwandelt deine gerade beschworene Fee kurzzeitig in einen Seraphen. Die verbleibende Dauer dieser Beschwörung wird dir an deinem Feenbalken angezeigt."
30,"Arkana-Balken"
31,"Mit den Fä<hex:02160103>hig<hex:02160103>kei<hex:02160103>ten <hex:024804F201F603><hex:024904F201F703>Lichtziehen<hex:0249020103><hex:0248020103> und <hex:024804F201F603><hex:024904F201F703>Schattenziehen<hex:0249020103><hex:0248020103> steht dir von nun an der Arkana-Balken zur Verfügung! Hältst du eine Karte in der Hand, so ändern sich die Fä<hex:02160103>hig<hex:02160103>kei<hex:02160103>ten <hex:024804F201F603><hex:024904F201F703>Ausspielen I<hex:0249020103><hex:0248020103>, <hex:024804F201F603><hex:024904F201F703>Ausspielen II<hex:0249020103><hex:0248020103> und <hex:024804F201F603><hex:024904F201F703>Ausspielen III<hex:0249020103><hex:0248020103> zu ihren entsprechenden Karten, die beim Ausführen ganz verschiedene Effekte haben."
32,"アルカナシンボル/アストロサイン"
33,"Mit der Fähigkeit <hex:024804F201F603><hex:024904F201F703>Kleine Arkana<hex:0249020103><hex:0248020103> wird deinem Arkana-Balken ein Kartenfeld für die Karten der Kleinen Arkana hinzugefügt. Führst du <hex:024804F201F603><hex:024904F201F703>Lichtziehen<hex:0249020103><hex:0248020103> oder <hex:024804F201F603><hex:024904F201F703>Schattenziehen<hex:0249020103><hex:0248020103> aus, ändert sich das Kommando außerdem zu <hex:024804F201F603><hex:024904F201F703>König der Kronen<hex:0249020103><hex:0248020103> oder <hex:024804F201F603><hex:024904F201F703>Königin der Kronen<hex:0249020103><hex:0248020103>."
34,"Chakra-Balken"
35,"Mit dem Kommando <hex:024804F201F603><hex:024904F201F703>Stählerne Meditation<hex:0249020103><hex:0248020103> ist es dir nun möglich, <hex:024804F201FA03><hex:024904F201FB03>Chakren<hex:0249020103><hex:0248020103> zu öffnen. Ihre Anzahl wird dir in deinem Chakra-Balken angezeigt. Ihre geballte Energie lässt sich in den mächtigen Kommandos <hex:024804F201F603><hex:024904F201F703>Stahlzinnen<hex:0249020103><hex:0248020103> oder <hex:024804F201F603><hex:024904F201F703>Heulende Faust<hex:0249020103><hex:0248020103> (Stufe 40) entfesseln, sobald du alle <hex:024804F201FA03><hex:024904F201FB03>Chakren<hex:0249020103><hex:0248020103> geöffnest hast."
36,"Tierchakra-Balken"
37,"Dein Geist befindet sich in perfektem Einklang mit der Natur, wodurch du nun in der Lage bist, <hex:024804F201FA03><hex:024904F201FB03>Tier-Chakren<hex:0249020103><hex:0248020103> und <hex:024804F201FA03><hex:024904F201FB03>Nadi<hex:0249020103><hex:0248020103> in dir zu öffnen.<hex:02100103>Es existieren 3 Arten von Tier-Chakren, welche du durch das Ausführen bestimmter Kommandos öffnen kannst: Das <hex:024804F201FA03><hex:024904F201FB03>Chakra des Opo-Opos<hex:0249020103><hex:0248020103>, das <hex:024804F201FA03><hex:024904F201FB03>Chakra des Coeurls<hex:0249020103><hex:0248020103> oder das <hex:024804F201FA03><hex:024904F201FB03>Chakra des Raptors<hex:0249020103><hex:0248020103>. Je nachdem, wie viele verschiedene <hex:024804F201FA03><hex:024904F201FB03>Tier-Chakren<hex:0249020103><hex:0248020103> du geöffnet hast, kannst du ihre Energie in unter<hex:02160103>schied<hex:02160103>liche Angriffe entladen.<hex:02100103><hex:02100103>Drei gleiche <hex:024804F201FA03><hex:024904F201FB03>Tier-Chakren<hex:0249020103><hex:0248020103> führen zu <hex:024804F201F603><hex:024904F201F703>Elixier-Feld<hex:0249020103><hex:0248020103>, das dir außerdem noch das <hex:024804F201FA03><hex:024904F201FB03>Mondnadi<hex:0249020103><hex:0248020103> gewährt. Drei jeweils unter<hex:02160103>schied<hex:02160103>liche <hex:024804F201FA03><hex:024904F201FB03>Tier-Chakren<hex:0249020103><hex:0248020103> ermöglichen dir hingegen <hex:024804F201F603><hex:024904F201F703>Zündschlag<hex:0249020103><hex:0248020103> und damit das <hex:024804F201FA03><hex:024904F201FB03>Sonnennadi<hex:0249020103><hex:0248020103>. Jegliche andere Kombination an drei <hex:024804F201FA03><hex:024904F201FB03>Tier-Chakren<hex:0249020103><hex:0248020103> erlaubt die Ausführung von <hex:024804F201F603><hex:024904F201F703>Neuordnung der Himmel<hex:0249020103><hex:0248020103>.<hex:02100103>Hast du sowohl <hex:024804F201FA03><hex:024904F201FB03>Mondnadi<hex:0249020103><hex:0248020103> und <hex:024804F201FA03><hex:024904F201FB03>Sonnennadi<hex:0249020103><hex:0248020103> als auch drei <hex:024804F201FA03><hex:024904F201FB03>Tier-Chakren<hex:0249020103><hex:0248020103> geöffnet, steht dir die mächtige Attacke <hex:024804F201F603><hex:024904F201F703>Tornadotritt<hex:0249020103><hex:0248020103> zur Verfügung."
38,"Blitzbalken"
39,"Die Fähigkeit <hex:024804F201F603><hex:024904F201F703>Bruderschaft<hex:0249020103><hex:0248020103> stärkt deine Gemeinschaft mit deinen Grup<hex:02160103>pen<hex:02160103>mit<hex:02160103>gliedern! Wird sie ausgeführt, gewährst du ihnen und dir selbst <hex:024804F201FA03><hex:024904F201FB03>Bruderschaft<hex:0249020103><hex:0248020103>, wodurch sich die Maximalanzahl an <hex:024804F201FA03><hex:024904F201FB03>Chakren<hex:0249020103><hex:0248020103>, die du öffnen kannst, während der Wirkungsdauer auf 10 erhöht."
40,"Drachenbalken"
41,"Dein Herz ist eins mit dem des Drachen geworden, wodurch dir die Ausführung des Kommandos <hex:024804F201F603><hex:024904F201F703>Geirskogul<hex:0249020103><hex:0248020103> nun <hex:024804F201FA03><hex:024904F201FB03>Drachenherz<hex:0249020103><hex:0248020103> gewährt und deinen Angriff erhöht. Die Wirkungsdauer von <hex:024804F201FA03><hex:024904F201FB03>Drachenherz<hex:0249020103><hex:0248020103> wird im Drachenbalken angezeigt."
42,"Drachenbalken"
43,"Die Fähigkeit <hex:024804F201F603><hex:024904F201F703>Meister der Lanze IV<hex:0249020103><hex:0248020103> gewährt dir bei Ausführung von <hex:024804F201F603><hex:024904F201F703>Überfallsstoß<hex:0249020103><hex:0248020103> und <hex:024804F201F603><hex:024904F201F703>Groll des Drachen<hex:0249020103><hex:0248020103> nun jeweils ein <hex:024804F201FA03><hex:024904F201FB03>Wyrmauge<hex:0249020103><hex:0248020103>. Hast du zwei <hex:024804F201FA03><hex:024904F201FB03>Wyrmaugen<hex:0249020103><hex:0248020103> gesammelt, steht dir der Angriff <hex:024804F201F603><hex:024904F201F703>Zwillingswyrm<hex:0249020103><hex:0248020103> zur Verfügung."
44,""
45,"Kazematoi"
46,"Erfolgreiches Ausführen von <hex:024804F201F603><hex:024904F201F703>Harnischbrecher<hex:0249020103><hex:0248020103> gewährt dir <hex:024804F201FA03><hex:024904F201FB03>Kazematoi<hex:0249020103><hex:0248020103>, wodurch <hex:024804F201F603><hex:024904F201F703>Äolusklinge<hex:0249020103><hex:0248020103> verstärkt wird. Wird <hex:024804F201F603><hex:024904F201F703>Harnischbrecher<hex:0249020103><hex:0248020103> als Kombo ausgeführt, kannst du dir bis zu 5 Stapel <hex:024804F201FA03><hex:024904F201FB03>Kazematoi<hex:0249020103><hex:0248020103> gewähren. Die momentane Anzahl an <hex:024804F201FA03><hex:024904F201FB03>Kazematoi<hex:0249020103><hex:0248020103> wird dir in seinem zugehörigen Balken angezeigt."
47,"Ninki-Balken"
48,"Die Eigenschaft <hex:024804F201F603><hex:024904F201F703>Shukiho<hex:0249020103><hex:0248020103> erschließt dir den Ninki-Balken, den du mittels deiner Waf<hex:02160103>fen<hex:02160103>fer<hex:02160103>tig<hex:02160103>kei<hex:02160103>ten zu füllen weißt. Das gesammelte Ninki kann für mächtige Techniken wie <hex:024804F201F603><hex:024904F201F703>Krötenmedium<hex:0249020103><hex:0248020103> und <hex:024804F201F603><hex:024904F201F703>Rad des Werdens<hex:0249020103><hex:0248020103> ausgegeben werden."
49,"Setsugekka-Balken"
50,"Mit dem Erlernen der drei Symbole <hex:024804F201FA03><hex:024904F201FB03>Setsu<hex:0249020103><hex:0248020103>, <hex:024804F201FA03><hex:024904F201FB03>Getsu<hex:0249020103><hex:0248020103> und <hex:024804F201FA03><hex:024904F201FB03>Ka<hex:0249020103><hex:0248020103> hast du auch den Setsugekka-Balken freigeschaltet! Führst du eine bestimmte Kombination von Waf<hex:02160103>fen<hex:02160103>fer<hex:02160103>tig<hex:02160103>keit aus, erhältst du eines davon. Damit ändert sich auch <hex:024804F201F603><hex:024904F201F703>Iaijutsu<hex:0249020103><hex:0248020103><hex:021D0103>- je nachdem, wie viele Symbole du gerade hast, wird die Fähigkeit zu <hex:024804F201F603><hex:024904F201F703>Higanbana<hex:0249020103><hex:0248020103>, <hex:024804F201F603><hex:024904F201F703>Tenka Goken<hex:0249020103><hex:0248020103> oder <hex:024804F201F603><hex:024904F201F703>Midare Setsugekka<hex:0249020103><hex:0248020103>."
51,"Kenki-Balken"
52,"Die Eigenschaft <hex:024804F201F603><hex:024904F201F703>Kenki-Meister<hex:0249020103><hex:0248020103> erschließt dir den Kenki-Balken, den du mittels deiner Waf<hex:02160103>fen<hex:02160103>fer<hex:02160103>tig<hex:02160103>kei<hex:02160103>ten und bei erfolgreicher Schadensreduzierung durch <hex:024804F201F603><hex:024904F201F703>Drittes Auge<hex:0249020103><hex:0248020103> zu füllen weißt. Das gesammelte Kenki kann für tödliche Techniken wie <hex:024804F201F603><hex:024904F201F703>Hissatsu: Shinten<hex:0249020103><hex:0248020103>, <hex:024804F201F603><hex:024904F201F703>Hissatsu: Gyoten<hex:0249020103><hex:0248020103> und <hex:024804F201F603><hex:024904F201F703>Hissatsu: Guren<hex:0249020103><hex:0248020103> ausgegeben werden."
53,"Liedbalken"
54,"Singst du die <hex:024804F201F603><hex:024904F201F703>Ballade des Weisen<hex:0249020103><hex:0248020103>, so erwacht dein Liedbalken zum Leben. Er zeigt dir, wie lange der Effekt deines eben gesungenen Lieds noch anhält. Während die Ballade aktiv ist und <hex:024804F201FA03><hex:024904F201FB03>Virtuose<hex:0249020103><hex:0248020103> durch deine Fä<hex:02160103>hig<hex:02160103>kei<hex:02160103>ten ausgelöst wird, verringert sich der Reaktivierungs-Timer für <hex:024804F201F603><hex:024904F201F703>Aderlass<hex:0249020103><hex:0248020103> und <hex:024804F201F603><hex:024904F201F703>Tödlicher Regen<hex:0249020103><hex:0248020103>."
55,"Sowohl <hex:024804F201F603><hex:024904F201F703>Giftbiss<hex:0249020103><hex:0248020103>/<hex:024804F201F603><hex:024904F201F703>Kaustischer Biss<hex:0249020103><hex:0248020103> als auch <hex:024804F201F603><hex:024904F201F703>Beißender Wind<hex:0249020103><hex:0248020103>/<hex:024804F201F603><hex:024904F201F703>Sturmbiss<hex:0249020103><hex:0248020103> haben mit ihrem Schaden über Zeit eine gewisse Chance, <hex:024804F201FA03><hex:024904F201FB03>Virtuose<hex:0249020103><hex:0248020103> auszulösen. Dadurch werden die Lieder eines Barden zu tödlichen Melodien des Schlachtfelds."
56,"Singst du die <hex:024804F201F603><hex:024904F201F703>Hymne der Krieger<hex:0249020103><hex:0248020103>, so erwacht dein Liedbalken zum Leben. Er zeigt dir, wie lange der Effekt deines eben gesungenen Lieds noch anhält. Während die Hymne aktiv ist und <hex:024804F201FA03><hex:024904F201FB03>Virtuose<hex:0249020103><hex:0248020103> durch deine Fä<hex:02160103>hig<hex:02160103>kei<hex:02160103>ten ausgelöst wird, verringern sich das Auto-Attacke-Intervall und die (Re-)Ak<hex:02160103>ti<hex:02160103>vie<hex:02160103>rungs<hex:02160103>zei<hex:02160103>ten von Waf<hex:02160103>fen<hex:02160103>fer<hex:02160103>tig<hex:02160103>kei<hex:02160103>ten und Magie."
57,"Singst du das <hex:024804F201F603><hex:024904F201F703>Menuett des Wanderers<hex:0249020103><hex:0248020103>, so erwacht dein Liedbalken zum Leben. Er zeigt dir, wie lange der Effekt deines eben gesungenen Lieds noch anhält. Während die Hymne aktiv ist und <hex:024804F201FA03><hex:024904F201FB03>Virtuose<hex:0249020103><hex:0248020103> durch deine Fä<hex:02160103>hig<hex:02160103>kei<hex:02160103>ten ausgelöst wird, kannst du den mächtigen Schuss <hex:024804F201F603><hex:024904F201F703>Absolutes Gehör<hex:0249020103><hex:0248020103> zum Einsatz bringen."
58,"Seelenstimme"
59,"Die Eigenschaft <hex:024804F201F603><hex:024904F201F703>Klang der Seelenstimme<hex:0249020103><hex:0248020103> erschließt dir den Seelenstimmen-Balken. Er füllt sich immer dann, wenn <hex:024804F201FA03><hex:024904F201FB03>Virtuose<hex:0249020103><hex:0248020103> ausgelöst wird. Deine gebündelte Seelenstimme lässt sich komplett in einem verheerenden Schuss namens <hex:024804F201F603><hex:024904F201F703>Apex-Pfeil<hex:0249020103><hex:0248020103> bündeln."
60,"Äthertransformator"
61,"Von nun an steht dir der Hitzebalken zur Verfügung! Bestimmte Waf<hex:02160103>fen<hex:02160103>fer<hex:02160103>tig<hex:02160103>kei<hex:02160103>ten generieren Hitze, die diesen Balken nach und nach füllt. Erreicht sie einen gewissen Wert, kannst du die Fähigkeit <hex:024804F201F603><hex:024904F201F703>Hyperladung<hex:0249020103><hex:0248020103> anwenden, um dich in den Zustand der Überhitzung zu begeben. Die Überhitzung gewährt dir Zugriff auf mächtige Fä<hex:02160103>hig<hex:02160103>kei<hex:02160103>ten wie <hex:024804F201F603><hex:024904F201F703>Hitzeschuss<hex:0249020103><hex:0248020103> und <hex:024804F201F603><hex:024904F201F703>Armbrust<hex:0249020103><hex:0248020103>, die mit deinen Feinden kurzen Prozess machen."
62,"Äthertransformator"
63,"Deine Fortschritte im Ingenieurswesen haben den Batteriebalken freigeschaltet! Lädst du den Balken über bestimmte Fä<hex:02160103>hig<hex:02160103>kei<hex:02160103>ten auf, kannst du die Fähigkeit <hex:024804F201F603><hex:024904F201F703>Selbstschuss-Gyrocopter TURM<hex:0249020103><hex:0248020103> einsetzen. Dieser Gyrocopter unterstützt dich mit regem Beschuss des Ziels, das du gerade selbst angreifst. Auf Stufe 80 verwandelt er sich in das <hex:024804F201F603><hex:024904F201F703>Automaton DAME<hex:0249020103><hex:0248020103><hex:021D0103>- ein Meisterwerk der Ingenieurskunst, das an deiner Seite kämpft."
64,"Elementarbalken"
65,"Dir hat sich das Wissen über <hex:024804F201FA03><hex:024904F201FB03>Lichtfeuer<hex:0249020103><hex:0248020103> und <hex:024804F201FA03><hex:024904F201FB03>Schatteneis<hex:0249020103><hex:0248020103> erschlossen<hex:021D0103>- somit steht dir nun auch der Elementarbalken zur Verfügung.<hex:02100103>Feuerzauber versetzen dich in den Zustand des <hex:024804F201FA03><hex:024904F201FB03>Lichtfeuers<hex:0249020103><hex:0248020103>. Das gierige Feuer verlangt nach mehr MP, verstärkt deine Feuermagie dafür aber immens. Im Gegensatz dazu steht das <hex:024804F201FA03><hex:024904F201FB03>Schatteneis<hex:0249020103><hex:0248020103>, das durch Eismagie hervorgerufen wird und deine MP-Regeneration enorm beschleunigt.<hex:02100103>Ist einer dieser Status aktiv, so ist der nächste Zauber des entgegengesetzten Elements zwar schwächer, verbraucht dafür aber keine MP."
66,"Mit der Eigenschaft <hex:024804F201F603><hex:024904F201F703>Henochisch<hex:0249020103><hex:0248020103> wird dir nun der gleichnamige Status in deinem Elementarbalken angezeigt. <hex:024804F201FA03><hex:024904F201FB03>Henochisch<hex:0249020103><hex:0248020103> wird dir zeitgleich mit <hex:024804F201FA03><hex:024904F201FB03>Lichtfeuer<hex:0249020103><hex:0248020103> oder <hex:024804F201FA03><hex:024904F201FB03>Schatteneis<hex:0249020103><hex:0248020103> gewährt und während es aktiv ist, richten all deine magischen Attacken erhöhten Schaden an. Doch sei gewarnt<hex:021D0103>- fällt <hex:024804F201FA03><hex:024904F201FB03>Lichtfeuer<hex:0249020103><hex:0248020103> oder <hex:024804F201FA03><hex:024904F201FB03>Schatteneis<hex:0249020103><hex:0248020103> von dir ab, endet auch der Effekt von <hex:024804F201FA03><hex:024904F201FB03>Henochisch<hex:0249020103><hex:0248020103>. Plane deine Zauber weise!"
67,"Wirkst du den Zauber <hex:024804F201F603><hex:024904F201F703>Einfrieren<hex:0249020103><hex:0248020103> oder <hex:024804F201F603><hex:024904F201F703>Eiska<hex:0249020103><hex:0248020103>, wirst du von dem stapelbaren Zustand <hex:024804F201FA03><hex:024904F201FB03>Schattenherz<hex:0249020103><hex:0248020103> erfüllt. Wie viele <hex:024804F201FA03><hex:024904F201FB03>Schattenherzen<hex:0249020103><hex:0248020103> du gerade hast, zeigt dir dein Elementarbalken. Während der Zustand aktiv ist, verbraucht jeder Feuerzauber automatisch ein <hex:024804F201FA03><hex:024904F201FB03>Schattenherz<hex:0249020103><hex:0248020103> und die sonst erhöhten MP-Kosten unter <hex:024804F201FA03><hex:024904F201FB03>Lichtfeuer<hex:0249020103><hex:0248020103> werden ausgesetzt."
68,"Solange <hex:024804F201FA03><hex:024904F201FB03>Henochisch<hex:0249020103><hex:0248020103> aktiv ist, kannst du alle 30 Sekunden den Zauber <hex:024804F201F603><hex:024904F201F703>Moder<hex:0249020103><hex:0248020103> wirken. Wann das nächste <hex:024804F201F603><hex:024904F201F703>Moder<hex:0249020103><hex:0248020103> bereit ist, wird dir per tickendem Zeiger am rechten Rand deines Elementarbalkens angezeigt. Ist der Zauber bereit, leuchtet ein <hex:024804F201FA03><hex:024904F201FB03>Polyglott<hex:0249020103><hex:0248020103>-Kristall am Elementarbalken auf."
69,"Die Eigenschaft <hex:024804F201F603><hex:024904F201F703>Verbessertes Polyglott<hex:0249020103><hex:0248020103> erlaubt dir, den Status <hex:024804F201FA03><hex:024904F201FB03>Polyglott<hex:0249020103><hex:0248020103> nun bis zu zwei mal zu stapeln! Solange <hex:024804F201FA03><hex:024904F201FB03>Henochisch<hex:0249020103><hex:0248020103> aktiv ist, kannst du alle 30 Sekunden die Zauber <hex:024804F201F603><hex:024904F201F703>Moder<hex:0249020103><hex:0248020103> oder <hex:024804F201F603><hex:024904F201F703>Xenoglossie<hex:0249020103><hex:0248020103> wirken. Wann der nächste Zauber bereit ist, wird dir per tickendem Zeiger am rechten Rand deines Elementarbalkens angezeigt. Ist der Zauber bereit, leuchtet ein <hex:024804F201FA03><hex:024904F201FB03>Polyglott<hex:0249020103><hex:0248020103>-Kristall am Elementarbalken auf."
70,"Ätherstrombalken"
71,"Mit der Fähigkeit <hex:024804F201F603><hex:024904F201F703>Energieentzug<hex:0249020103><hex:0248020103> hat sich dir auch der Ätherstrombalken erschlossen! In ihm werden dir die verliehenen Aufladungen von <hex:024804F201FA03><hex:024904F201FB03>Ätherfluss<hex:0249020103><hex:0248020103> nun als leuchtende Symbole angezeigt."
72,"Trancebalken"
73,"Deine Meis<hex:02160103>ter<hex:02160103>schaft über die <hex:024804F201F603><hex:024904F201F703>Ätherinfusion<hex:0249020103><hex:0248020103> augmentiert deinen Trancebalken, besagte Infusionen und ihre Dauer nun anzuzeigen. Sie bestehen aus dem <hex:024804F201FA03><hex:024904F201FB03>Rubin-Arkanum<hex:0249020103><hex:0248020103>, dem <hex:024804F201FA03><hex:024904F201FB03>Topas-Arkanum<hex:0249020103><hex:0248020103> und dem <hex:024804F201FA03><hex:024904F201FB03>Smaragd-Arkanum<hex:0249020103><hex:0248020103> und werden dazu genutzt, um mächtige Beschwörungen durchzuführen. Je nach Infusion kannst du mit ihnen die <hex:024804F201F603><hex:024904F201F703>Ifrit-Beschwörung<hex:0249020103><hex:0248020103>, die <hex:024804F201F603><hex:024904F201F703>Topas-Beschwörung<hex:0249020103><hex:0248020103> oder die <hex:024804F201F603><hex:024904F201F703>Smaragd-Beschwörung<hex:0249020103><hex:0248020103> durchführen."
74,"Führst du eine Beschwörung durch, zapfst du das entsprechende <hex:024804F201FA03><hex:024904F201FB03>Arkanum<hex:0249020103><hex:0248020103> an und dir werden Stapel seines Elements gewährt, die in deinem Trancebalken angezeigt werden. Sie ändern deine magischen Angriffe <hex:024804F201F603><hex:024904F201F703>Juwelenschein<hex:0249020103><hex:0248020103> und <hex:024804F201F603><hex:024904F201F703>Edelglanz<hex:0249020103><hex:0248020103> (Stufe 26) zu elementbasierten Versionen."
75,"Mit der Fähigkeit <hex:024804F201F603><hex:024904F201F703>Meister der Ätherinfusion<hex:0249020103><hex:0248020103> zeigt dir dein Tracebalken nun die verbleibende Dauer deiner <hex:024804F201FA03><hex:024904F201FB03>Bahamut-Trance<hex:0249020103><hex:0248020103> an, sobald du das Kommando ausführst. Diese Trance gewährt dir auch das <hex:024804F201FA03><hex:024904F201FB03>Rubin-Arkanum<hex:0249020103><hex:0248020103>, das <hex:024804F201FA03><hex:024904F201FB03>Topas-Arkanum<hex:0249020103><hex:0248020103> und das <hex:024804F201FA03><hex:024904F201FB03>Smaragd-Arkanum<hex:0249020103><hex:0248020103>.<hex:02100103>Während der Wirkdauer deiner Trance ändert sich <hex:024804F201F603><hex:024904F201F703>Ruinga<hex:0249020103><hex:0248020103> zu <hex:024804F201F603><hex:024904F201F703>Lichtimpuls<hex:0249020103><hex:0248020103> und <hex:024804F201F603><hex:024904F201F703>Elementarkorona<hex:0249020103><hex:0248020103> zu <hex:024804F201F603><hex:024904F201F703>Lichtflare<hex:0249020103><hex:0248020103>."
76,"Führst du eine Beschwörung durch, zapfst du das entsprechende <hex:024804F201FA03><hex:024904F201FB03>Arkanum<hex:0249020103><hex:0248020103> an und dir werden Stapel seines Elements gewährt, die in deinem Trancebalken angezeigt werden. Sie ändern deine magischen Angriffe <hex:024804F201F603><hex:024904F201F703>Juwelenschein<hex:0249020103><hex:0248020103> und <hex:024804F201F603><hex:024904F201F703>Edelglanz<hex:0249020103><hex:0248020103> zu elementbasierten Versionen."
77,"Trance"
78,"Schrittindikator"
79,"Mit der Fähigkeit <hex:024804F201F603><hex:024904F201F703>Einfache Choreographie<hex:0249020103><hex:0248020103> steht dir nun auch der Schrittindikator zur Verfügung! Führst du die <hex:024804F201F603><hex:024904F201F703>Einfache Choreographie<hex:0249020103><hex:0248020103> aus, so beginnst du mit deinem Tanz. Um die Herzen deines Publikums zu erobern und deine Feinde vor deiner tödlichen Eleganz erzittern zu lassen, müssen die aufleuchtenden Tanzschritte in der richtigen Reihenfolge ausgeführt werden. Gelingt es dir, erhöhst du mit der daraufhin verfügbaren Fähigkeit <hex:024804F201F603><hex:024904F201F703>Einfaches Finale<hex:0249020103><hex:0248020103> den ausgeteilten Schaden für dich und deinen <hex:024804F201F603><hex:024904F201F703>Tanzpartner<hex:0249020103><hex:0248020103>. Wie lange die Wirkung deines Tanzes anhält, wird dir ebenfalls im Schrittindikator angezeigt."
80,"Tanzfächer"
81,"Die Eigenschaft <hex:024804F201FA03><hex:024904F201FB03>Plume Burlesque<hex:0249020103><hex:0248020103> stattet dich mit einem eleganten Tanzfächer aus, den du geschickt als Waffe einzusetzen weißt. Von nun an kannst du mit Fä<hex:02160103>hig<hex:02160103>kei<hex:02160103>ten wie <hex:024804F201F603><hex:024904F201F703>Invertierte Cascade<hex:0249020103><hex:0248020103> oder <hex:024804F201F603><hex:024904F201F703>Steigende Windmühle<hex:0249020103><hex:0248020103> bis zu vier Stapel <hex:024804F201FA03><hex:024904F201FB03>Plume Burlesque<hex:0249020103><hex:0248020103> sammeln, die dir in diesem Tanzfächer angezeigt werden. Ihre gefährliche Schönheit ermöglicht dir die Ausführung von <hex:024804F201F603><hex:024904F201F703>Fächertanz I<hex:0249020103><hex:0248020103> und seinen Folgetechniken, die du nach und nach erlernst."
82,"Schrittindikator"
83,"Du hast die <hex:024804F201F603><hex:024904F201F703>Komplexe Choreographie<hex:0249020103><hex:0248020103> erlernt! Wie der Name bereits andeutet, benötigt dieser delikate Tanz alle vier Tanzschritte, um ihn richtig auszuführen. Genau wie die <hex:024804F201F603><hex:024904F201F703>Einfache Choreographie<hex:0249020103><hex:0248020103> erhöht deine Darbietung den ausgeteilten Schaden, sobald du <hex:024804F201F603><hex:024904F201F703>Komplexes Finale<hex:0249020103><hex:0248020103> ausführst<hex:021D0103>- diesmal jedoch für deine gesamte Gruppe."
84,"Tanzfächer und Tanzfieberbalken"
85,"Die Eigenschaft <hex:024804F201F603><hex:024904F201F703>Tanzfieber<hex:0249020103><hex:0248020103> weckt ein in dir schlummerndes Feuer und fügt deinem Tanzfächer den Tanzfieberbalken zu! Sowohl du als auch deine Grup<hex:02160103>pen<hex:02160103>mit<hex:02160103>glieder vermögen ihn mit Waf<hex:02160103>fen<hex:02160103>fer<hex:02160103>tig<hex:02160103>kei<hex:02160103>ten oder Zaubern zu füllen, solange ihr unter dem Effekt von <hex:024804F201F603><hex:024904F201F703>Einfaches Finale<hex:0249020103><hex:0248020103> oder <hex:024804F201F603><hex:024904F201F703>Komplexes Finale<hex:0249020103><hex:0248020103> steht. Das gesammelte Tanzfieber kannst du dir für den beeindruckenden <hex:024804F201F603><hex:024904F201F703>Schwerttanz<hex:0249020103><hex:0248020103> zu eigen machen."
86,"Balancebalken"
87,"Der Balancebalken zeigt dir auf einen Blick, wie viel Schwarzes Mana und Weißes Mana du mit deinen Zaubern angesammelt hast<hex:021D0103>- ein magisches System, das aus<hex:02160103>schließ<hex:02160103>lich Rotmagier zu nutzen wissen. Steht dir genug beider Mana-Arten zur Verfügung, verwandeln sich einige deiner Fä<hex:02160103>hig<hex:02160103>kei<hex:02160103>ten in stärkere, magiegetränkte Versionen. Beispielsweise wird <hex:024804F201F603><hex:024904F201F703>Riposte<hex:0249020103><hex:0248020103> zu <hex:024804F201F603><hex:024904F201F703>Magische Riposte<hex:0249020103><hex:0248020103>."
88,"Wenn das Ungleichgewicht zwischen Weißem Mana und Schwarzem Mana zu groß wird, leuchtet der Stein oben am Balken in der entsprechenden Farbe auf. Die Manasorte, von der weniger vorhanden ist, sammelt sich langsamer an. Behalte diese Balance also gut im Auge!"
89,"Erda-Trommel"
90,"Sprichst du den <hex:024804F201F603><hex:024904F201F703>Eid der Leibgardisten<hex:0249020103><hex:0248020103>, so leuchtet ein besonderes Symbol auf, das anzeigt, dass du eine Verteidigerhaltung eingenommen hast. Nutze diesen Schwur immer dann, wenn es deine Schutzbefohlenen vor Schaden und Gefahren zu bewahren gilt!"
91,"Erda-Trommel"
92,"Die Eigenschaft <hex:024804F201F603><hex:024904F201F703>Erda-Patronen<hex:0249020103><hex:0248020103> lehrt dich, bis zu zwei deiner Geschosse mit Erda zu laden. Dazu steht dir nun auch die Erda-Trommel zur Verfügung, in der diese Patronen angezeigt werden. Das Aufladen selbst läuft über mächtige Kombinationen, die mit den Fä<hex:02160103>hig<hex:02160103>kei<hex:02160103>ten <hex:024804F201F603><hex:024904F201F703>Stahlwalze<hex:0249020103><hex:0248020103> oder <hex:024804F201F603><hex:024904F201F703>Dämonenschlachter<hex:0249020103><hex:0248020103> abgeschlossen werden. Nutze deine Patronen daraufhin für verheerende Techniken wie <hex:024804F201F603><hex:024904F201F703>Explosiver Stoß<hex:0249020103><hex:0248020103> oder <hex:024804F201F603><hex:024904F201F703>Schlagfänge<hex:0249020103><hex:0248020103>, um deinen Feinden das Fürchten zu lehren."
93,"Nach intensiven Studien ermöglicht dir die Eigenschaft <hex:024804F201F603><hex:024904F201F703>Verbesserte Bahamut-Trance<hex:0249020103><hex:0248020103> nun, <hex:024804F201F603><hex:024904F201F703>Bahamut-Beschwörung<hex:0249020103><hex:0248020103> zu wirken und Demi-Bahamut an deine Seite zu rufen. Die Dauer seiner Beschwörung wird in deinem Trancebalken angezeigt. Diese Beschwörung gewährt dir auch das <hex:024804F201FA03><hex:024904F201FB03>Rubin-Arkanum<hex:0249020103><hex:0248020103>, das <hex:024804F201FA03><hex:024904F201FB03>Topas-Arkanum<hex:0249020103><hex:0248020103> und das <hex:024804F201FA03><hex:024904F201FB03>Smaragd-Arkanum<hex:0249020103><hex:0248020103>.<hex:02100103>Während der Wirkdauer deiner Beschwörung ändert sich <hex:024804F201F603><hex:024904F201F703>Ruinga<hex:0249020103><hex:0248020103> zu <hex:024804F201F603><hex:024904F201F703>Lichtimpuls<hex:0249020103><hex:0248020103>, <hex:024804F201F603><hex:024904F201F703>Elementarkorona<hex:0249020103><hex:0248020103> zu <hex:024804F201F603><hex:024904F201F703>Lichtflare<hex:0249020103><hex:0248020103> und <hex:024804F201F603><hex:024904F201F703>Lichtstrom<hex:0249020103><hex:0248020103> zu <hex:024804F201F603><hex:024904F201F703>Todesflamme<hex:0249020103><hex:0248020103>."
94,"Du hast das Kommando <hex:024804F201F603><hex:024904F201F703>Shoha<hex:0249020103><hex:0248020103> erlernt. Der Meditationsbalken erlaubt dir auf einen Blick zu erkennen, wie weit du es auf der Meditationsebene geschafft hast.<hex:02100103>Setze <hex:024804F201F603><hex:024904F201F703>Iaijutsu<hex:0249020103><hex:0248020103>, <hex:024804F201F603><hex:024904F201F703>Meditieren<hex:0249020103><hex:0248020103> und <hex:024804F201F603><hex:024904F201F703>Ogi Namikiri<hex:0249020103><hex:0248020103> (Stufe 90) ein, um den Balken zu füllen. Seine Ladung wird durch Ausführung von <hex:024804F201F603><hex:024904F201F703>Shoha<hex:0249020103><hex:0248020103> verbraucht."
95,"Mit dem Kommando <hex:024804F201F603><hex:024904F201F703>Stählerne Meditation<hex:0249020103><hex:0248020103> ist es dir nun möglich, <hex:024804F201FA03><hex:024904F201FB03>Chakren<hex:0249020103><hex:0248020103> zu öffnen. Ihre Anzahl wird dir in deinem Chakra-Balken angezeigt. Ihre geballte Energie lässt sich in dem mächtigen Kommando <hex:024804F201F603><hex:024904F201F703>Stahlzinnen<hex:0249020103><hex:0248020103> entfesseln, sobald du alle <hex:024804F201FA03><hex:024904F201FB03>Chakren<hex:0249020103><hex:0248020103> geöffnest hast."
96,"Blitzkunstbalken"
97,"Die Eigenschaft <hex:024804F201F603><hex:024904F201F703>Verbesserte Improvisation<hex:0249020103><hex:0248020103> hat dir sowohl das Wissen über <hex:024804F201FA03><hex:024904F201FB03>Nadi<hex:0249020103><hex:0248020103> als auch über die <hex:024804F201FA03><hex:024904F201FB03>Tier-Chakren<hex:0249020103><hex:0248020103> erschlossen. Beides wird dir in deinem neuen Blitzkunstbalken angezeigt. Führst du während aktiver <hex:024804F201FA03><hex:024904F201FB03>Improvisation<hex:0249020103><hex:0248020103> eine Attacke aus, die einer Form zugeordnet ist, öffnest du das entsprechende <hex:024804F201FA03><hex:024904F201FB03>Tier-Chakra<hex:0249020103><hex:0248020103>: das <hex:024804F201FA03><hex:024904F201FB03>Chakra des Opo-Opos<hex:0249020103><hex:0248020103>, das <hex:024804F201FA03><hex:024904F201FB03>Chakra des Coeurls<hex:0249020103><hex:0248020103> oder das <hex:024804F201FA03><hex:024904F201FB03>Chakra des Raptors<hex:0249020103><hex:0248020103>. Je nachdem, wie viele verschiedene <hex:024804F201FA03><hex:024904F201FB03>Tier-Chakren<hex:0249020103><hex:0248020103> du geöffnet hast, kannst du ihre Energie in unter<hex:02160103>schied<hex:02160103>liche Angriffe entladen.<hex:02100103><hex:02100103>Drei gleiche <hex:024804F201FA03><hex:024904F201FB03>Tier-Chakren<hex:0249020103><hex:0248020103> führen zu <hex:024804F201F603><hex:024904F201F703>Elixier-Feld<hex:0249020103><hex:0248020103>, das dir außerdem noch das <hex:024804F201FA03><hex:024904F201FB03>Mondnadi<hex:0249020103><hex:0248020103> gewährt. Drei jeweils unter<hex:02160103>schied<hex:02160103>liche <hex:024804F201FA03><hex:024904F201FB03>Tier-Chakren<hex:0249020103><hex:0248020103> ermöglichen dir hingegen <hex:024804F201F603><hex:024904F201F703>Zündschlag<hex:0249020103><hex:0248020103> und damit das <hex:024804F201FA03><hex:024904F201FB03>Sonnennadi<hex:0249020103><hex:0248020103>.<hex:02100103>Hast du sowohl <hex:024804F201FA03><hex:024904F201FB03>Mondnadi<hex:0249020103><hex:0248020103> und <hex:024804F201FA03><hex:024904F201FB03>Sonnennadi<hex:0249020103><hex:0248020103> als auch drei <hex:024804F201FA03><hex:024904F201FB03>Tier-Chakren<hex:0249020103><hex:0248020103> geöffnet, steht dir die mächtige Attacke <hex:024804F201F603><hex:024904F201F703>Tornadotritt<hex:0249020103><hex:0248020103> zur Verfügung."
98,"Blitzkunstbalken und Nadi"
99,"特性<hex:024804F201F403><hex:024904F201F503>「必殺技効果アップ」<hex:0249020103><hex:0248020103>を修得し、<hex:024804F201F403><hex:024904F201F503>「陰陽の闘気」<hex:0249020103><hex:0248020103>が表示されるように<hex:02100103>なりました！<hex:02100103>必殺技「天宙脚」を実行すると<hex:024804F201F403><hex:024904F201F503>「陰の闘気」<hex:0249020103><hex:0248020103>が付与され、「鳳凰の舞」を実行すると<hex:024804F201F403><hex:024904F201F503>「陽の闘気」<hex:0249020103><hex:0248020103>が付与され、さらに「闘魂」3種が種類を問わず付与された状態になると、最強の必殺技<hex:024804F201F403><hex:024904F201F503>「夢幻闘舞」<hex:0249020103><hex:0248020103>が実行できます。"
100,"Arkana-Balken und Kleine Arkana"
101,"Mit dem Kommando <hex:024804F201F603><hex:024904F201F703>Kleine Arkana<hex:0249020103><hex:0248020103> wird dir nun im Arkana-Balken angezeigt, welche Karte der Kleinen Arkana du gezogen hast und momentan in der Hand hältst."
102,"Deine Meis<hex:02160103>ter<hex:02160103>schaft über die <hex:024804F201F603><hex:024904F201F703>Ätherinfusion<hex:0249020103><hex:0248020103> augmentiert deinen Trancebalken, besagte Infusionen und ihre Dauer nun anzuzeigen. Sie besteht aus dem <hex:024804F201FA03><hex:024904F201FB03>Rubin-Arkanum<hex:0249020103><hex:0248020103> und wird dazu genutzt, um die <hex:024804F201F603><hex:024904F201F703>Rubin-Beschwörung<hex:0249020103><hex:0248020103> durchzuführen.<hex:02100103>Mit der <hex:024804F201F603><hex:024904F201F703>Verbesserten Ätherinfusion<hex:0249020103><hex:0248020103> (Stufe 15) wird dir das <hex:024804F201FA03><hex:024904F201FB03>Topas-Arkanum<hex:0249020103><hex:0248020103> gewährt und mit der <hex:024804F201F603><hex:024904F201F703>Verbesserten Ätherinfusion II<hex:0249020103><hex:0248020103> (Stufe 22) schließlich auch das <hex:024804F201FA03><hex:024904F201FB03>Smaragd-Arkanum<hex:0249020103><hex:0248020103>. Sie gewähren dir Zugriff auf die Beschwörung des Topas-Karfunkels und des Smaragd-Karfunkels."
103,"Führst du eine Beschwörung durch, zapfst du das entsprechende <hex:024804F201FA03><hex:024904F201FB03>Arkanum<hex:0249020103><hex:0248020103> an und dir werden Stapel seines Elements gewährt, die in deinem Trancebalken angezeigt werden. Sie ändern deine magischen Angriffe <hex:024804F201F603><hex:024904F201F703>Juwelenschein<hex:0249020103><hex:0248020103> und <hex:024804F201F603><hex:024904F201F703>Edelglanz<hex:0249020103><hex:0248020103> (Stufe 26) zu elementbasierten Versionen."
104,"Führst du eine Beschwörung durch, zapfst du das entsprechende <hex:024804F201FA03><hex:024904F201FB03>Arkanum<hex:0249020103><hex:0248020103> an und dir werden Stapel seines Elements gewährt, die in deinem Trancebalken angezeigt werden. Sie ändern deine magischen Angriffe <hex:024804F201F603><hex:024904F201F703>Juwelenschein<hex:0249020103><hex:0248020103> und <hex:024804F201F603><hex:024904F201F703>Edelglanz<hex:0249020103><hex:0248020103> zu elementbasierten Versionen."
105,"Nach intensiven Studien ermöglicht dir die Eigenschaft <hex:024804F201F603><hex:024904F201F703>Verbesserte Bahamut-Beschwörung<hex:0249020103><hex:0248020103> nun, <hex:024804F201F603><hex:024904F201F703>Phönix-Beschwörung<hex:0249020103><hex:0248020103> zu wirken und Demi-Phönix an deine Seite zu rufen. Die Dauer seiner Beschwörung wird in deinem Trancebalken angezeigt. Diese Beschwörung gewährt dir auch das <hex:024804F201FA03><hex:024904F201FB03>Rubin-Arkanum<hex:0249020103><hex:0248020103>, das <hex:024804F201FA03><hex:024904F201FB03>Topas-Arkanum<hex:0249020103><hex:0248020103> und das <hex:024804F201FA03><hex:024904F201FB03>Smaragd-Arkanum<hex:0249020103><hex:0248020103>.<hex:02100103>Während der Wirkdauer deiner Beschwörung ändert sich <hex:024804F201F603><hex:024904F201F703>Ruinga<hex:0249020103><hex:0248020103> zu <hex:024804F201F603><hex:024904F201F703>Quell des Feuers<hex:0249020103><hex:0248020103>, <hex:024804F201F603><hex:024904F201F703>Trisaster<hex:0249020103><hex:0248020103> zu <hex:024804F201F603><hex:024904F201F703>Zeichen der Läuterung<hex:0249020103><hex:0248020103> und <hex:024804F201F603><hex:024904F201F703>Lichtstrom<hex:0249020103><hex:0248020103> zu <hex:024804F201F603><hex:024904F201F703>Wiederaufleben<hex:0249020103><hex:0248020103>."
106,"Führst du eine Beschwörung durch, zapfst du das entsprechende <hex:024804F201FA03><hex:024904F201FB03>Arkanum<hex:0249020103><hex:0248020103> an und dir werden Stapel seines Elements gewährt, die in deinem Trancebalken angezeigt werden. Sie ändern deine magischen Angriffe <hex:024804F201F603><hex:024904F201F703>Juwelenschein<hex:0249020103><hex:0248020103> und <hex:024804F201F603><hex:024904F201F703>Edelglanz<hex:0249020103><hex:0248020103> zu elementbasierten Versionen, während sich <hex:024804F201F603><hex:024904F201F703>Lichtstrom<hex:0249020103><hex:0248020103> in ein dem momentan aktivem Äther entsprechendes Kommando verwandelt."
107,"Codas"
108,"Die Eigenschaft <hex:024804F201F603><hex:024904F201F703>Verbesserte Lieder<hex:0249020103><hex:0248020103> fügt deinen Liedern eine <hex:024804F201FA03><hex:024904F201FB03>Coda<hex:0249020103><hex:0248020103> hinzu. Ein <hex:024804F201FA03><hex:024904F201FB03>Coda<hex:0249020103><hex:0248020103>-Symbol erhältst du immer dann, wenn du eines deiner drei Lieder anstimmst. Die <hex:024804F201F603><hex:024904F201F703>Ballade des Weisen<hex:0249020103><hex:0248020103>, die <hex:024804F201F603><hex:024904F201F703>Hymne der Krieger<hex:0249020103><hex:0248020103> und das <hex:024804F201F603><hex:024904F201F703>Menuett des Wanderers<hex:0249020103><hex:0248020103> gewähren jeweils ihre ganz eigene <hex:024804F201FA03><hex:024904F201FB03>Coda<hex:0249020103><hex:0248020103>, die als Symbol in deinem Liedbalken dargestellt wird. Hast du mindestens eine <hex:024804F201FA03><hex:024904F201FB03>Coda<hex:0249020103><hex:0248020103> gespielt, kannst du <hex:024804F201F603><hex:024904F201F703>Luminöses Finale<hex:0249020103><hex:0248020103> ausführen."
109,"Die Eigenschaft <hex:024804F201F603><hex:024904F201F703>Elementare Meis<hex:02160103>ter<hex:02160103>schaft<hex:021D0103>V<hex:0249020103><hex:0248020103> erschließt dir die <hex:024804F201FA03><hex:024904F201FB03>Paradoxie<hex:0249020103><hex:0248020103>, die als Symbol links an deinem Elementarbalken angezeigt wird. Eine <hex:024804F201FA03><hex:024904F201FB03>Paradoxie<hex:0249020103><hex:0248020103> erhältst du immer dann, wenn du die Ma<hex:02160103>xi<hex:02160103>mal<hex:02160103>sta<hex:02160103>pel<hex:02160103>zahl von <hex:024804F201FA03><hex:024904F201FB03>Lichtfeuer<hex:0249020103><hex:0248020103> oder <hex:024804F201FA03><hex:024904F201FB03>Schatteneis<hex:0249020103><hex:0248020103> sowie <hex:024804F201FA03><hex:024904F201FB03>Schattenherzen<hex:0249020103><hex:0248020103> gesammelt hast und dann in den Zustand wechselst, der dem Gegenteil deines aktuellen Zustands entspricht."
110,"Die Eigenschaft <hex:024804F201F603><hex:024904F201F703>Verbesserte Erda-Patronen<hex:0249020103><hex:0248020103> fügt deiner Trommel Platz für eine weitere Erda-Patrone hinzu. Sie erhältst du über mächtige Kombinationen, die mit den Fä<hex:02160103>hig<hex:02160103>kei<hex:02160103>ten <hex:024804F201F603><hex:024904F201F703>Stahlwalze<hex:0249020103><hex:0248020103> oder <hex:024804F201F603><hex:024904F201F703>Dämonenschlachter<hex:0249020103><hex:0248020103> (Stufe 40) abgeschlossen werden. Nutze deine Patronen daraufhin für verheerende Techniken wie <hex:024804F201F603><hex:024904F201F703>Explosiver Stoß<hex:0249020103><hex:0248020103> oder <hex:024804F201F603><hex:024904F201F703>Schlagfänge<hex:0249020103><hex:0248020103>, um deinen Feinden das Fürchten zu lehren."
111,"Mit dem Seelenbalken vermagst du nun, Seelen einzufangen. Setzt du bestimmte Waf<hex:02160103>fen<hex:02160103>fer<hex:02160103>tig<hex:02160103>kei<hex:02160103>ten ein, so zieht es sie zu dir. Auch, wenn du deine Feinde mittels <hex:024804F201F603><hex:024904F201F703>Schatten des Todes<hex:0249020103><hex:0248020103> mit <hex:024804F201FA03><hex:024904F201FB03>Architekt des Todes<hex:0249020103><hex:0248020103> belegst. Die so gefangenen Seelen kannst du in mächtigen Angriffen kanalisieren, wie <hex:024804F201F603><hex:024904F201F703>Knochengarbe<hex:0249020103><hex:0248020103>, <hex:024804F201F603><hex:024904F201F703>Nachtschwad<hex:0249020103><hex:0248020103> (Stufe 55), und <hex:024804F201F603><hex:024904F201F703>Völlerei<hex:0249020103><hex:0248020103> (Stufe 76)."
112,"Die Eigenschaft <hex:024804F201F603><hex:024904F201F703>Verschleierung<hex:0249020103><hex:0248020103> erschließt dir sowohl den Schleierbalken, als auch das Lemurenmal. In Ersterem schlägt sich der Schleier nieder, der von bestimmten Attacken angezogen wird. Mit der Fähigkeit <hex:024804F201F603><hex:024904F201F703>Lemurenschleier<hex:0249020103><hex:0248020103> machst du dir die Kraft des Schleiers letztlich zunutze."
113,"Die Eigenschaft <hex:024804F201F603><hex:024904F201F703>Verschleierung<hex:0249020103><hex:0248020103> erschließt dir den Schleierbalken, in dem sich der Schleier niederschlägt, der von bestimmten Attacken angezogen wird. Mit der Fähigkeit <hex:024804F201F603><hex:024904F201F703>Lemurenschleier<hex:0249020103><hex:0248020103> machst du dir die Kraft des Schleiers letztlich zunutze."
114,"Das Lemurenmal zeigt dir die Dauer von <hex:024804F201FA03><hex:024904F201FB03>Lemure<hex:0249020103><hex:0248020103> und all deine <hex:024804F201FA03><hex:024904F201FB03>Lemurenseelen<hex:0249020103><hex:0248020103> an. Diese <hex:024804F201FA03><hex:024904F201FB03>Lemurenseelen<hex:0249020103><hex:0248020103>, dargestellt als flammend blaue Kugeln, können verschlungen werden, um die mächtigen Kommandos <hex:024804F201F603><hex:024904F201F703>Nichtsmäher<hex:0249020103><hex:0248020103> oder <hex:024804F201F603><hex:024904F201F703>Communio<hex:0249020103><hex:0248020103> (Stufe 90) zu entfesseln."
115,"Seelenbalken"
116,"Lemurenmal"
117,"Eukratisches Äthergramm"
118,"Humor-Balken"
119,"Deine Studien über die <hex:024804F201F603><hex:024904F201F703>Eukrasie<hex:0249020103><hex:0248020103> hat dir das Eukratische Äthergramm erschlossen. Wirkst du <hex:024804F201F603><hex:024904F201F703>Eukrasie<hex:0249020103><hex:0248020103>, ändert sich das Äthergramm und du verstärkst deine Zauber <hex:024804F201F603><hex:024904F201F703>Dosis<hex:0249020103><hex:0248020103>, <hex:024804F201F603><hex:024904F201F703>Diagnosis<hex:0249020103><hex:0248020103> und <hex:024804F201F603><hex:024904F201F703>Prognosis<hex:0249020103><hex:0248020103>, ihnen allen mächtige Zusatzeffekte verleihend."
120,"Die Eigenschaft <hex:024804F201F603><hex:024904F201F703>Humor<hex:0249020103><hex:0248020103> gewährt dir Zugriff auf den Humor-Balken. Er füllt sich ganz von selbst und in regelmäßigen Abständen mit <hex:024804F201FA03><hex:024904F201FB03>Humor<hex:0249020103><hex:0248020103>, den du für die Zauber <hex:024804F201F603><hex:024904F201F703>Druochole<hex:0249020103><hex:0248020103> und <hex:024804F201F603><hex:024904F201F703>Kerachole<hex:0249020103><hex:0248020103> (Stufe 50) zu verwenden weißt."
121,"Du hast den <hex:024804F201FA03><hex:024904F201FB03>Humor<hex:0249020103><hex:0248020103> lange genug studiert, um dich mit der Eigenschaft <hex:024804F201FA03><hex:024904F201FB03>Komplexion<hex:0249020103><hex:0248020103> vertraut zu machen. Diese werden nun auch in deinem Humor-Balken dargestellt. Eine <hex:024804F201FA03><hex:024904F201FB03>Komplexion<hex:0249020103><hex:0248020103> wird dir immer dann gewährt, wenn die von <hex:024804F201F603><hex:024904F201F703>Eukratische Diagnose<hex:0249020103><hex:0248020103> oder <hex:024804F201F603><hex:024904F201F703>Eukratische Prognose<hex:0249020103><hex:0248020103> gewährte Barriere den vollen Schaden absorbiert.<hex:02100103>Nutzen lässt sich eine solche <hex:024804F201FA03><hex:024904F201FB03>Komplexion<hex:0249020103><hex:0248020103> für <hex:024804F201F603><hex:024904F201F703>Toxikon<hex:0249020103><hex:0248020103> und <hex:024804F201F603><hex:024904F201F703>Toxikon II<hex:0249020103><hex:0248020103> (Stufe 82)."
122,"バランスゲージ/マナスタックシンボル"
123,"Die <hex:024804F201F603><hex:024904F201F703>Verbesserte Magieklinge<hex:0249020103><hex:0248020103> gewährt dir die Fähigkeit, <hex:024804F201FA03><hex:024904F201FB03>Magiesplitter<hex:0249020103><hex:0248020103> in deinem Balancebalken zu sammeln. Du erhältst einen Splitter für jeden erfolgreichen Treffer mit <hex:024804F201F603><hex:024904F201F703>Magische Riposte<hex:0249020103><hex:0248020103>, <hex:024804F201F603><hex:024904F201F703>Magischer Zwerchhau<hex:0249020103><hex:0248020103>, <hex:024804F201F603><hex:024904F201F703>Magisches Redoublement<hex:0249020103><hex:0248020103> und <hex:024804F201F603><hex:024904F201F703>Magischer Moulinet<hex:0249020103><hex:0248020103>.<hex:02100103>Hast du die maximale Anzahl an Splittern beisammen, kannst du sie in den mächtigen Zaubern <hex:024804F201F603><hex:024904F201F703>Erzflare<hex:0249020103><hex:0248020103> und <hex:024804F201F603><hex:024904F201F703>Erz-Sanctus<hex:0249020103><hex:0248020103> kanalisieren. Bei ihrer Ausführung werden alle Splitter verbraucht."
124,"Das Lemurenmal zeigt dir die Dauer von <hex:024804F201FA03><hex:024904F201FB03>Lemure<hex:0249020103><hex:0248020103> und all deine <hex:024804F201FA03><hex:024904F201FB03>Lemurenseelen<hex:0249020103><hex:0248020103> an. Diese <hex:024804F201FA03><hex:024904F201FB03>Lemurenseelen<hex:0249020103><hex:0248020103>, dargestellt als flammend blaue Kugeln, können verschlungen werden, um die mächtigen Kommandos <hex:024804F201F603><hex:024904F201F703>Nichtsmäher<hex:0249020103><hex:0248020103> oder <hex:024804F201F603><hex:024904F201F703>Communio<hex:0249020103><hex:0248020103> (Stufe 90) zu entfesseln."
125,"Das Erlernen des Kommandos <hex:024804F201F603><hex:024904F201F703>Doppelviper<hex:0249020103><hex:0248020103> gewährt dir <hex:024804F201FA03><hex:024904F201FB03>Rechtschaffene Faust<hex:0249020103><hex:0248020103>, welche auf dem neuen Tierchakra-Balken angezeigt wird. Es gibt insgesamt 3 verschiedene Arten von <hex:024804F201FA03><hex:024904F201FB03>Rechtschaffene Faust<hex:0249020103><hex:0248020103>, welche du durch das Ausführen bestimmter Kommandos erhalten kannst: <hex:024804F201F603><hex:024904F201F703>Doppelviper<hex:0249020103><hex:0248020103> gewährt dir <hex:024804F201FA03><hex:024904F201FB03>Rechtschaffene Raptor-Faust<hex:0249020103><hex:0248020103>, <hex:024804F201F603><hex:024904F201F703>Demolieren<hex:0249020103><hex:0248020103> (Stufe 30) gewährt dir <hex:024804F201FA03><hex:024904F201FB03>Rechtschaffene Coeurl-Faust<hex:0249020103><hex:0248020103> und <hex:024804F201F603><hex:024904F201F703>Drachentritt<hex:0249020103><hex:0248020103> (Stufe 50) gewährt dir <hex:024804F201FA03><hex:024904F201FB03>Rechtschaffene Opo-Opo-Faust<hex:0249020103><hex:0248020103>. Jede <hex:024804F201FA03><hex:024904F201FB03>Rechtschaffene Faust<hex:0249020103><hex:0248020103> erhöht den Attacke-Wert des entsprechenden Kommandos."
126,"Dein Geist ist eins mit dem des Drachen geworden, wodurch dir die Ausführung des Kommandos <hex:024804F201F603><hex:024904F201F703>Geirskogul<hex:0249020103><hex:0248020103> nun <hex:024804F201FA03><hex:024904F201FB03>Drachengeist<hex:0249020103><hex:0248020103> gewährt. <hex:024804F201FA03><hex:024904F201FB03>Drachengeist<hex:0249020103><hex:0248020103> erhöht nicht nur deinen Angriff, sondern erlaubt auch den Einsatz der mächtigen Kommandos <hex:024804F201F603><hex:024904F201F703>Nastrond<hex:0249020103><hex:0248020103> und <hex:024804F201F603><hex:024904F201F703>Sternensturz<hex:0249020103><hex:0248020103> (Stufe 80). Die Wirkungsdauer von <hex:024804F201FA03><hex:024904F201FB03>Drachengeist<hex:0249020103><hex:0248020103> wird im Drachenbalken angezeigt."
127,"Die Fähigkeit <hex:024804F201F603><hex:024904F201F703>Meister der Lanze III<hex:0249020103><hex:0248020103> gewährt dir bei erfolgreicher Ausführung von <hex:024804F201F603><hex:024904F201F703>Überfallsstoß<hex:0249020103><hex:0248020103> und <hex:024804F201F603><hex:024904F201F703>Groll des Drachen<hex:0249020103><hex:0248020103> nun jeweils ein <hex:024804F201FA03><hex:024904F201FB03>Wyrmauge<hex:0249020103><hex:0248020103>. Hast du die maximale Anzahl an <hex:024804F201FA03><hex:024904F201FB03>Wyrmaugen<hex:0249020103><hex:0248020103> gesammelt, steht dir der Angriff <hex:024804F201F603><hex:024904F201F703>Zwillingswyrm<hex:0249020103><hex:0248020103> zur Verfügung."
128,"Mit der Eigenschaft <hex:024804F201F603><hex:024904F201F703>Verbessertes Polyglott II<hex:0249020103><hex:0248020103> beweist du deine herausragenden Künste und kannst <hex:024804F201FA03><hex:024904F201FB03>Polyglott<hex:0249020103><hex:0248020103> nun bis zu dreimal stapeln!<hex:02100103>Solange <hex:024804F201FA03><hex:024904F201FB03>Henochisch<hex:0249020103><hex:0248020103> aktiv ist, kannst du alle 30 Sekunden die Zauber <hex:024804F201F603><hex:024904F201F703>Moder<hex:0249020103><hex:0248020103> oder <hex:024804F201F603><hex:024904F201F703>Xenoglossie<hex:0249020103><hex:0248020103> wirken. Wann der nächste Zauber bereit ist, wird dir per tickendem Zeiger am rechten Rand deines Elementarbalkens angezeigt. Ist der Zauber bereit, leuchtet ein <hex:024804F201FA03><hex:024904F201FB03>Polyglott<hex:0249020103><hex:0248020103>-Kristall am Elementarbalken auf."
129,"Dein intensives Studium des Lichtfeuers erschließt dir die Künste des <hex:024804F201F603><hex:024904F201F703>Verbesserten Lichtfeuers<hex:0249020103><hex:0248020103> und damit das Wissen über die <hex:024804F201FA03><hex:024904F201FB03>Lichtseele<hex:0249020103><hex:0248020103>. Damit steht dir nun der Seelenzirkel zur Verfügung, in dem deine angesammelten <hex:024804F201FA03><hex:024904F201FB03>Lichtseelen<hex:0249020103><hex:0248020103> abgebildet werden.<hex:02100103>Immer dann, wenn du <hex:024804F201F603><hex:024904F201F703>Feuka<hex:0249020103><hex:0248020103> oder <hex:024804F201F603><hex:024904F201F703>Flare<hex:0249020103><hex:0248020103> unter dem Einfluss von <hex:024804F201FA03><hex:024904F201FB03>Lichtfeuer<hex:0249020103><hex:0248020103> wirkst, regst du deine Seele an und erhältst je nach Zauber unter<hex:02160103>schied<hex:02160103>lich viele Stapel. Hast du sechs <hex:024804F201FA03><hex:024904F201FB03>Lichtseelen<hex:0249020103><hex:0248020103> gesammelt, kannst du den mächtigen Zauber <hex:024804F201F603><hex:024904F201F703>Flare-Stern<hex:0249020103><hex:0248020103> wirken!"
130,"Seelenzirkel"
131,"Nach intensiven Studien ermöglicht dir die Eigenschaft <hex:024804F201F603><hex:024904F201F703>Verbesserte Bahamut-Beschwörung II<hex:0249020103><hex:0248020103> nun, <hex:024804F201F603><hex:024904F201F703>Sol-Bahamut-Beschwörung<hex:0249020103><hex:0248020103> zu wirken und Sol-Bahamut an deine Seite zu rufen. Die Dauer seiner Beschwörung wird in deinem Trancebalken angezeigt. Diese Beschwörung gewährt dir auch das <hex:024804F201FA03><hex:024904F201FB03>Rubin-Arkanum<hex:0249020103><hex:0248020103>, das <hex:024804F201FA03><hex:024904F201FB03>Topas-Arkanum<hex:0249020103><hex:0248020103> und das <hex:024804F201FA03><hex:024904F201FB03>Smaragd-Arkanum<hex:0249020103><hex:0248020103>.<hex:02100103>Während der Wirkdauer deiner Beschwörung ändert sich <hex:024804F201F603><hex:024904F201F703>Ruinga<hex:0249020103><hex:0248020103> zu <hex:024804F201F603><hex:024904F201F703>Schattenimpuls<hex:0249020103><hex:0248020103>, <hex:024804F201F603><hex:024904F201F703>Trisaster<hex:0249020103><hex:0248020103> zu <hex:024804F201F603><hex:024904F201F703>Schattenflare<hex:0249020103><hex:0248020103> und <hex:024804F201F603><hex:024904F201F703>Lichtstrom<hex:0249020103><hex:0248020103> zu <hex:024804F201F603><hex:024904F201F703>Sol-Flare<hex:0249020103><hex:0248020103>."
132,"Beschwörst du ein Familiar, erhältst du den zugehörigen Äther. Ätherstapel und ihre Dauer werden im Trancebalken angezeigt. Sie ändern die Kommandos <hex:024804F201F603><hex:024904F201F703>Juwelenschein<hex:0249020103><hex:0248020103> und <hex:024804F201F603><hex:024904F201F703>Edelglanz<hex:0249020103><hex:0248020103>. Erlernst du die Eigenschaft <hex:024804F201F603><hex:024904F201F703>Meister der Elemente<hex:0249020103><hex:0248020103>, ändert sich <hex:024804F201F603><hex:024904F201F703>Lichtstrom<hex:0249020103><hex:0248020103> passend zum aktuell aktiven Äthertyp."
133,"Zwillingsfänge"
134,"Geistbalken"
135,"Deine Zwillingsfänge zeigen dir an, bei welchem Schritt deiner Kombo du dich befindest.<hex:02100103>Die Viper startet ihre Kombos entweder mit <hex:024804F201F603><hex:024904F201F703>Tödliche Fänge<hex:0249020103><hex:0248020103> oder <hex:024804F201F603><hex:024904F201F703>Tückische Fänge<hex:0249020103><hex:0248020103>, woraufhin zwei weitere Attacken folgen. Eine Grundkombo besteht also aus drei Kommandos. Den Abschluss dieser Kombo bildet entweder der <hex:024804F201F603><hex:024904F201F703>Biss<hex:0249020103><hex:0248020103> oder der <hex:024804F201F603><hex:024904F201F703>Reißer<hex:0249020103><hex:0248020103>, und das eine Kommando verstärkt jeweils das andere. Um diesen Effekt auszulösen, muss allerdings die vorangehende Kombo erfolgreich ausgeführt werden.<hex:02100103>Das Aufleuchten der Zwillingsfänge hilft dir dabei, den nächsten korrekten Schritt der momentan aktiven Kombo zu aktivieren. Ist <hex:024804F201F603><hex:024904F201F703>Tödliche Fänge<hex:0249020103><hex:0248020103> beispielsweise hervorgehoben, leuchtet die linke Klinge auf. Bei <hex:024804F201F603><hex:024904F201F703>Tückische Fänge<hex:0249020103><hex:0248020103> ist es hingegen die rechte. Weiterhin helfen sowohl die Farben als auch die Segmente deiner Zwillingsklinge. Folge den Weisungen deiner Waffe und kombiniere deine Techniken geschickt, um deine Feinde zu Fall zu bringen."
136,"Die Eigenschaft <hex:024804F201F603><hex:024904F201F703>Schlangenseele<hex:0249020103><hex:0248020103> schaltet dir die gleichnamigen Symbole in deinen Zwillingsfängen frei. Du erhältst <hex:024804F201F603><hex:024904F201F703>Schlangenseelen<hex:0249020103><hex:0248020103> durch bestimmte Kommandos und kannst bis zu zwei verschlingen, um <hex:024804F201F603><hex:024904F201F703>Schlangenschwinge<hex:0249020103><hex:0248020103> auszuführen."
137,"Die Eigenschaft <hex:024804F201F603><hex:024904F201F703>Verbesserte Schlangenseele<hex:0249020103><hex:0248020103> gewährt dir tiefere Einblicke in die Künste der Viper und lässt dich eine dritte <hex:024804F201FA03><hex:024904F201FB03>Schlangenseele<hex:0249020103><hex:0248020103> aufnehmen. Du erhältst <hex:024804F201FA03><hex:024904F201FB03>Schlangenseelen<hex:0249020103><hex:0248020103> durch bestimmte Kommandos und kannst sie verschlingen, um <hex:024804F201F603><hex:024904F201F703>Schlangenschwinge<hex:0249020103><hex:0248020103> auszuführen."
138,"Mit der Eigenschaft <hex:024804F201F603><hex:024904F201F703>Wissen der Ahnen<hex:0249020103><hex:0248020103> steht dir auch der Geistbalken zur Verfügung! Er füllt sich immer dann, wenn du eine erfolgreiche Kombo mit bestimmten Waf<hex:02160103>fen<hex:02160103>fer<hex:02160103>tig<hex:02160103>kei<hex:02160103>ten ausführst und kann für die mächtige Attacke <hex:024804F201F603><hex:024904F201F703>Ruf der Ahnen<hex:0249020103><hex:0248020103> ausgegeben werden. Während du unter dem Einfluss von <hex:024804F201FA03><hex:024904F201FB03>Ruf der Ahnen<hex:0249020103><hex:0248020103> stehst, bist du vom <hex:024804F201FA03><hex:024904F201FB03>Wissen der Ahnen<hex:0249020103><hex:0248020103> beseelt und kannst spezielle Techniken ausführen, die dir ansonsten nicht zur Verfügung stehen."
139,"Das <hex:024804F201F603><hex:024904F201F703>Verbesserte Wissen der Ahnen<hex:0249020103><hex:0248020103> fügt deinem Geistbalken einen Platz für ein weiteres <hex:024804F201FA03><hex:024904F201FB03>Wissen der Ahnen<hex:0249020103><hex:0248020103> hinzu, sodass du ganze fünf davon stapeln kannst. Der Geistbalken füllt sich immer dann, wenn du eine erfolgreiche Kombo mit bestimmten Waf<hex:02160103>fen<hex:02160103>fer<hex:02160103>tig<hex:02160103>kei<hex:02160103>ten ausführst, und kann für die mächtige Attacke <hex:024804F201F603><hex:024904F201F703>Ruf der Ahnen<hex:0249020103><hex:0248020103> ausgegeben werden. Während du unter dem Einfluss von <hex:024804F201FA03><hex:024904F201FB03>Ruf der Ahnen<hex:0249020103><hex:0248020103> stehst, bist du vom <hex:024804F201FA03><hex:024904F201FB03>Wissen der Ahnen<hex:0249020103><hex:0248020103> beseelt und kannst spezielle Techniken ausführen, die dir ansonsten nicht zur Verfügung stehen."
140,"Leinwände"
141,"Palettenbalken"
142,"Du hast nun Zugriff auf die <hex:024804F201FA03><hex:024904F201FB03>Kreaturen-Leinwand<hex:0249020103><hex:0248020103>! Als Piktomant malst du verschiedene Elemente auf deine Leinwände, die du dann mit den Künsten der Piktomantie zum Leben erweckst und mächtige Attacken sowie zahlreiche Effekte entfesselst.<hex:02100103>Mithilfe deiner Kunst der <hex:024804F201F603><hex:024904F201F703>Pikto-Kreatur<hex:0249020103><hex:0248020103> füllst du die Leinwand, ehe du deine Kunst mittels <hex:024804F201F603><hex:024904F201F703>Lebende Muse<hex:0249020103><hex:0248020103> zum Leben erweckst. Dieser Zauber belebt aber nicht nur dein momentanes Kreaturen-Element, sondern hält es auch für ein späteres Gesamtkunstwerk als kleineres Symbol auf der Leinwand gebannt. Hast du nämlich sowohl den <hex:024804F201FA03><hex:024904F201FB03>Pikto-Bommel<hex:0249020103><hex:0248020103> als auch die <hex:024804F201FA03><hex:024904F201FB03>Pikto-Schwingen<hex:0249020103><hex:0248020103> gemalt, ergeben sie den <hex:024804F201FA03><hex:024904F201FB03>Mogry<hex:0249020103><hex:0248020103> und lassen dich den mächtigen Zauber <hex:024804F201F603><hex:024904F201F703>Opus Mognum<hex:0249020103><hex:0248020103> ausführen."
143,"Du hast nun Zugriff auf die <hex:024804F201FA03><hex:024904F201FB03>Waffen-Leinwand<hex:0249020103><hex:0248020103>! Wenn du den Zauber <hex:024804F201F603><hex:024904F201F703>Pikto-Waffe<hex:0249020103><hex:0248020103> ausführst, malst du einen Hammer auf deine Leinwand und <hex:024804F201F603><hex:024904F201F703>Stählerne Muse<hex:0249020103><hex:0248020103> ändert sich zu <hex:024804F201F603><hex:024904F201F703>Rabiate Muse<hex:0249020103><hex:0248020103>. Sobald dieses Kunstwerk auf der Leinwand prangt, kannst du <hex:024804F201F603><hex:024904F201F703>Hammerstempel<hex:0249020103><hex:0248020103> zaubern und deine Gegner mit einer harten Attacke das Fürchten lehren!"
144,"Du hast deine piktomantischen Künste so weit vertieft, dass dir nun der Palettenbalken zur Verfügung steht! Er füllt sich mittels deiner farbmagischen Zauber und kann dazu genutzt werden, dir eine <hex:024804F201F603><hex:024904F201F703>Subtraktive Palette<hex:0249020103><hex:0248020103> zu mischen. Mit ihr steht dir eine gänzlich andere Palette der Farbmagie zur Verfügung, die noch mächtigere Zauber beinhaltet."
145,"Du hast nun Zugriff auf die <hex:024804F201FA03><hex:024904F201FB03>Landschafts-Leinwand<hex:0249020103><hex:0248020103>! Mit dem Zauber <hex:024804F201F603><hex:024904F201F703>Pikto-Landschaft<hex:0249020103><hex:0248020103> ausführst, malst du eine bezaubernde Sternennacht und <hex:024804F201F603><hex:024904F201F703>Malerische Muse<hex:0249020103><hex:0248020103> ändert sich zu <hex:024804F201F603><hex:024904F201F703>Sternenmuse<hex:0249020103><hex:0248020103>. Materialisierst du dieses Meisterwerk, inspirierst du dich selbst und deine Gruppe, und ihr teilt gehörig mehr Schaden aus."
146,"Du hast deine Leinwände freigeschaltet! Als Piktomant entfesselst du deine stärksten Zauber, indem du verschiedene piktomantische Elemente auf deine Leinwände malst und diese schließlich zum Leben erweckst. Dafür stehen dir insgesamt drei verschiedene Leinwände zur Verfügung: die <hex:024804F201FA03><hex:024904F201FB03>Kreaturen-Leinwand<hex:0249020103><hex:0248020103>, die <hex:024804F201FA03><hex:024904F201FB03>Waffen-Leinwand<hex:0249020103><hex:0248020103> und die <hex:024804F201FA03><hex:024904F201FB03>Landschafts-Leinwand<hex:0249020103><hex:0248020103>."
147,"Mithilfe deiner Kunst der <hex:024804F201F603><hex:024904F201F703>Pikto-Kreatur<hex:0249020103><hex:0248020103> füllst du die Kreaturen-Leinwand mit verschiedenen Elementen, die du mittels <hex:024804F201F603><hex:024904F201F703>Lebende Muse<hex:0249020103><hex:0248020103> zum Leben erweckst. Dieser Zauber belebt aber nicht nur dein momentanes Kreaturen-Element, sondern hält es auch für ein späteres Gesamtkunstwerk als kleineres Symbol auf der Leinwand gebannt. Hast du nämlich sowohl den <hex:024804F201FA03><hex:024904F201FB03>Pikto-Bommel<hex:0249020103><hex:0248020103> als auch die <hex:024804F201FA03><hex:024904F201FB03>Pikto-Schwingen<hex:0249020103><hex:0248020103> gemalt, ergeben sie den <hex:024804F201FA03><hex:024904F201FB03>Mogry<hex:0249020103><hex:0248020103> und lassen dich den mächtigen Zauber <hex:024804F201F603><hex:024904F201F703>Opus Mognum<hex:0249020103><hex:0248020103> ausführen."
148,"Auch auf der <hex:024804F201FA03><hex:024904F201FB03>Waffen<hex:0249020103><hex:0248020103>- und <hex:024804F201FA03><hex:024904F201FB03>Landschafts-Leinwand<hex:0249020103><hex:0248020103> finden sich die Kunstwerke, die du mit deinen Zaubern malst.<hex:02100103><hex:02100103><hex:024804F201FA03><hex:024904F201FB03>Waffen-Leinwand<hex:0249020103><hex:0248020103><hex:02100103>Wenn du den Zauber <hex:024804F201F603><hex:024904F201F703>Pikto-Waffe<hex:0249020103><hex:0248020103> ausführst, malst du einen Hammer und <hex:024804F201F603><hex:024904F201F703>Stählerne Muse<hex:0249020103><hex:0248020103> ändert sich zu <hex:024804F201F603><hex:024904F201F703>Rabiate Muse<hex:0249020103><hex:0248020103>. Sobald dieses Kunstwerk auf der Leinwand prangt, kannst du <hex:024804F201F603><hex:024904F201F703>Hammerstempel<hex:0249020103><hex:0248020103> zaubern und deine Gegner mit einer harten Attacke das Fürchten lehren!<hex:02100103><hex:02100103><hex:024804F201FA03><hex:024904F201FB03>Landschafts-Leinwand<hex:0249020103><hex:0248020103><hex:02100103>Mit dem Zauber <hex:024804F201F603><hex:024904F201F703>Pikto-Landschaft<hex:0249020103><hex:0248020103> malst du eine bezaubernde Sternennacht und <hex:024804F201F603><hex:024904F201F703>Malerische Muse<hex:0249020103><hex:0248020103> ändert sich zu <hex:024804F201F603><hex:024904F201F703>Sternenmuse<hex:0249020103><hex:0248020103>. Materialisierst du dieses Meisterwerk, inspirierst du dich selbst und deine Gruppe, und ihr teilt gehörig mehr Schaden aus."
149,"Du hast deine piktomantischen Künste so weit vertieft, dass dir deine Palette zur Verfügung steht! Sie zeigt dir deinen <hex:024804F201FA03><hex:024904F201FB03>Palettenbalken<hex:0249020103><hex:0248020103> sowie deine <hex:024804F201FA03><hex:024904F201FB03>Weiße Pikto-Farbe<hex:0249020103><hex:0248020103> an.<hex:02100103>Der <hex:024804F201FA03><hex:024904F201FB03>Palettenbalken<hex:0249020103><hex:0248020103> füllt sich mittels deiner farbmagischen Zauber und kann dazu genutzt werden, dir eine <hex:024804F201F603><hex:024904F201F703>Subtraktive Palette<hex:0249020103><hex:0248020103> zu mischen. Mit ihr steht dir eine gänzlich andere Palette der Farbmagie zur Verfügung, die noch mächtigere Zauber beinhaltet. Mit der <hex:024804F201FA03><hex:024904F201FB03>Weißen Pikto-Farbe<hex:0249020103><hex:0248020103>, die dir ebenfalls durch bestimmte Farbzauber gewährt wird, kannst du wiederum <hex:024804F201F603><hex:024904F201F703>Sanctus in Weiß<hex:0249020103><hex:0248020103> wirken."
150,"Mit der Eigenschaft <hex:024804F201F603><hex:024904F201F703>Verbesserte Palette<hex:0249020103><hex:0248020103> erschließt sich dir auch die Kunst der <hex:024804F201FA03><hex:024904F201FB03>Schwarzen Pikto-Farbe<hex:0249020103><hex:0248020103>, die dir von nun an in deinem Palettenbalken angezeigt wird. Hast du <hex:024804F201FA03><hex:024904F201FB03>Weiße Pikto-Farbe<hex:0249020103><hex:0248020103> auf der Palette, wenn du <hex:024804F201F603><hex:024904F201F703>Subtraktive Palette<hex:0249020103><hex:0248020103> zauberst, wandelt sich ein Stapel davon in schwarze Farbe und lässt dich den mächtigen <hex:024804F201F603><hex:024904F201F703>Komet in Schwarz<hex:0249020103><hex:0248020103> wirken."
151,"Mit deinem Wissen über die <hex:024804F201F603><hex:024904F201F703>Pikto-Klaue<hex:0249020103><hex:0248020103> und den <hex:024804F201F603><hex:024904F201F703>Pikto-Hauern<hex:0249020103><hex:0248020103> knüpfst du auch eine Verbindung zu Madhin, die dir bei den korrekten Kreaturen-Elementen auf deiner Kreaturen-Leinwand angezeigt wird.<hex:02100103>Du kannst Madhin manifestieren, indem du <hex:024804F201F603><hex:024904F201F703>Pikto-Kreatur<hex:0249020103><hex:0248020103> und die <hex:024804F201F603><hex:024904F201F703>Lebende Muse<hex:0249020103><hex:0248020103> in ihren verschiedenen Formen ausführst und ihre Elemente sammelst. Befinden sich <hex:024804F201FA03><hex:024904F201FB03>Pikto-Bommel<hex:0249020103><hex:0248020103>, <hex:024804F201FA03><hex:024904F201FB03>Pikto-Schwingen<hex:0249020103><hex:0248020103>, <hex:024804F201FA03><hex:024904F201FB03>Pikto-Klaue<hex:0249020103><hex:0248020103> und <hex:024804F201FA03><hex:024904F201FB03>Pikto-Hauer<hex:0249020103><hex:0248020103> auf deiner Kreaturen-Leinwand, fügen sie sich zu <hex:024804F201FA03><hex:024904F201FB03>Madhin<hex:0249020103><hex:0248020103> zusammen und gewähren dir Zugriff auf den mächtigen Zauber <hex:024804F201F603><hex:024904F201F703>Vergeltung der Madhin<hex:0249020103><hex:0248020103>."
152,"Hast du die Eigenschaft <hex:024804F201F603><hex:024904F201F703>Nichtsseele<hex:0249020103><hex:0248020103> erlernt, erhältst du durch den Verbrauch von <hex:024804F201FA03><hex:024904F201FB03>Lemurenseelen<hex:0249020103><hex:0248020103> <hex:024804F201FA03><hex:024904F201FB03>Nichtsseelen<hex:0249020103><hex:0248020103>. Mit ihnen kannst du verschiedene Kommandos wie <hex:024804F201F603><hex:024904F201F703>Lemurenschlitzer<hex:0249020103><hex:0248020103> und <hex:024804F201F603><hex:024904F201F703>Lemurensense<hex:0249020103><hex:0248020103> aktivieren."
153,"Dir wird das Lemurenmal gewährt, das dir die Dauer von <hex:024804F201FA03><hex:024904F201FB03>Lemure<hex:0249020103><hex:0248020103> und all deine <hex:024804F201FA03><hex:024904F201FB03>Lemurenseelen<hex:0249020103><hex:0248020103> anzeigt. Diese <hex:024804F201FA03><hex:024904F201FB03>Lemurenseelen<hex:0249020103><hex:0248020103>, dargestellt als flammend blaue Kugeln, können verschlungen werden, um die mächtigen Kommandos <hex:024804F201F603><hex:024904F201F703>Nichtsmäher<hex:0249020103><hex:0248020103> oder <hex:024804F201F603><hex:024904F201F703>Communio<hex:0249020103><hex:0248020103> (Stufe 90) zu entfesseln."
154,""
155,""
156,""
157,"Mit dem Kommando <hex:024804F201F603><hex:024904F201F703>Blutpatronen<hex:0249020103><hex:0248020103> kannst du dir den gleichnamigen Status gewähren. Während der Wirkungsdauer von <hex:024804F201FA03><hex:024904F201FB03>Blutpatronen<hex:0249020103><hex:0248020103> erhöht sich deine Maximalanzahl an Erda-Patronen auf 4. Wird dazu noch die Eigenschaft <hex:024804F201F603><hex:024904F201F703>Verbesserte Erda-Patronen<hex:0249020103><hex:0248020103> (Stufe 88) erlernt, so erhöht <hex:024804F201FA03><hex:024904F201FB03>Blutpatronen<hex:0249020103><hex:0248020103> die Maximalanzahl an Erda-Patronen auf 6."
158,""
159,""
160,""
