key,0,1,2,3,4,5,6,7,8
#,Image,Icon,Category,UnlockCondition,,,,SortKey,Name
offset,4,8,22,12,14,16,18,20,0
Int32,Int32,Int32,UInt8,UInt16,UInt16,UInt16,UInt16,UInt16,String
0,0,82091,0,0,0,0,0,0,"Aucun"
1,190002,82091,1,1,0,0,0,1,"Dégradé gris"
2,190003,82091,1,1,0,0,0,3,"Carrés"
3,190004,82091,1,1,0,0,0,4,"Violet"
4,190005,82091,1,1,0,0,0,5,"Dégradé tank"
5,190006,82091,1,1,0,0,0,7,"Dégradé DPS"
6,190007,82091,1,1,0,0,0,6,"Dégradé soigneur"
7,190008,82091,1,1,0,0,0,2,"Parchemin"
8,190009,82091,1,1,0,0,0,9,"Éthéré"
9,190010,82091,1,1,0,0,0,8,"Bois"
10,190011,82091,1,1,0,0,0,10,"Monde du néant"
11,190301,82091,2,124,0,0,0,2150,"Paladin (dynamique)"
12,190302,82091,2,125,0,0,0,2151,"Guerrier (dynamique)"
13,190303,82091,2,126,0,0,0,2152,"Chevalier noir (dynamique)"
14,190304,82091,2,127,0,0,0,2153,"Pistosabreur (dynamique)"
15,190305,82091,2,128,0,0,0,2154,"Mage blanc (dynamique)"
16,190306,82091,2,129,0,0,0,2155,"Érudit (dynamique)"
17,190307,82091,2,130,0,0,0,2156,"Astromancien (dynamique)"
18,190308,82091,2,131,0,0,0,2157,"Sage (dynamique)"
19,190309,82091,2,132,0,0,0,2158,"Moine (dynamique)"
20,190310,82091,2,133,0,0,0,2159,"Chevalier dragon (dynamique)"
21,190311,82091,2,134,0,0,0,2160,"Ninja (dynamique)"
22,190312,82091,2,135,0,0,0,2161,"Samouraï (dynamique)"
23,190313,82091,2,136,0,0,0,2162,"Faucheur (dynamique)"
24,190314,82091,2,137,0,0,0,2165,"Barde (dynamique)"
25,190315,82091,2,138,0,0,0,2166,"Machiniste (dynamique)"
26,190316,82091,2,139,0,0,0,2167,"Danseur (dynamique)"
27,190317,82091,2,140,0,0,0,2168,"Mage noir (dynamique)"
28,190318,82091,2,141,0,0,0,2169,"Invocateur (dynamique)"
29,190319,82091,2,142,0,0,0,2170,"Mage rouge (dynamique)"
30,190401,82091,10,143,0,0,0,3000,"Équipe Astra"
31,190402,82091,10,144,0,0,0,3001,"Équipe Umbra"
32,190403,82091,5,145,0,0,0,3200,"Roi du conflit S1"
33,190404,82091,5,146,0,0,0,3201,"Prince du conflit S1"
34,190405,82091,5,147,0,0,0,3202,"As du conflit S1"
35,190406,82091,5,148,0,0,0,3208,"Crystalline Conflict : bronze S1"
36,190407,82091,5,149,0,0,0,3207,"Crystalline Conflict : argent S1"
37,190408,82091,5,150,0,0,0,3206,"Crystalline Conflict : or S1"
38,190409,82091,5,151,0,0,0,3205,"Crystalline Conflict : platine S1"
39,190410,82091,5,152,0,0,0,3204,"Crystalline Conflict : diamant S1"
40,190411,82091,5,153,0,0,0,3203,"Crystalline Conflict : cristal S1"
41,190901,82091,7,154,1032,1034,1036,4000,"Companion 1"
42,190902,82091,7,155,1033,1035,1037,4001,"Companion 2"
43,190201,82091,2,156,0,0,0,2000,"Gladiateur (standard)"
44,190202,82091,2,157,0,0,0,2001,"Maraudeur (standard)"
45,190203,82091,2,158,0,0,0,2002,"Élémentaliste (standard)"
46,190204,82091,2,159,0,0,0,2003,"Pugiliste (standard)"
47,190205,82091,2,160,0,0,0,2004,"Maître d'hast (standard)"
48,190206,82091,2,161,0,0,0,2005,"Surineur (standard)"
49,190207,82091,2,162,0,0,0,2006,"Archer (standard)"
50,190208,82091,2,163,0,0,0,2007,"Occultiste (standard)"
51,190209,82091,2,164,0,0,0,2008,"Arcaniste (standard)"
52,190210,82091,2,165,0,0,0,2050,"Paladin (standard)"
53,190211,82091,2,166,0,0,0,2051,"Guerrier (standard)"
54,190212,82091,2,167,0,0,0,2052,"Chevalier noir (standard)"
55,190213,82091,2,168,0,0,0,2053,"Pistosabreur (standard)"
56,190214,82091,2,169,0,0,0,2054,"Mage blanc (standard)"
57,190215,82091,2,170,0,0,0,2055,"Érudit (standard)"
58,190216,82091,2,171,0,0,0,2056,"Astromancien (standard)"
59,190217,82091,2,172,0,0,0,2057,"Sage (standard)"
60,190218,82091,2,173,0,0,0,2058,"Moine (standard)"
61,190219,82091,2,174,0,0,0,2059,"Chevalier dragon (standard)"
62,190220,82091,2,175,0,0,0,2060,"Ninja (standard)"
63,190221,82091,2,176,0,0,0,2061,"Samouraï (standard)"
64,190222,82091,2,177,0,0,0,2062,"Faucheur (standard)"
65,190223,82091,2,178,0,0,0,2065,"Barde (standard)"
66,190224,82091,2,179,0,0,0,2066,"Machiniste (standard)"
67,190225,82091,2,180,0,0,0,2067,"Danseur (standard)"
68,190226,82091,2,181,0,0,0,2068,"Mage noir (standard)"
69,190227,82091,2,182,0,0,0,2069,"Invocateur (standard)"
70,190228,82091,2,183,0,0,0,2070,"Mage rouge (standard)"
71,190229,82091,2,184,0,0,0,2072,"Mage bleu (standard)"
72,190230,82091,2,244,0,0,0,2100,"Menuisier (standard)"
73,190231,82091,2,245,0,0,0,2101,"Forgeron (standard)"
74,190232,82091,2,246,0,0,0,2102,"Armurier (standard)"
75,190233,82091,2,247,0,0,0,2103,"Orfèvre (standard)"
76,190234,82091,2,248,0,0,0,2104,"Tanneur (standard)"
77,190235,82091,2,249,0,0,0,2105,"Couturier (standard)"
78,190236,82091,2,250,0,0,0,2106,"Alchimiste (standard)"
79,190237,82091,2,251,0,0,0,2107,"Cuisinier (standard)"
80,190238,82091,2,276,0,0,0,2108,"Mineur (standard)"
81,190239,82091,2,277,0,0,0,2109,"Botaniste (standard)"
82,190240,82091,2,278,0,0,0,2110,"Pêcheur (standard)"
83,190652,82091,9,299,0,0,0,1001,"Gridania"
84,190651,82091,9,299,0,0,0,1000,"Limsa Lominsa"
85,190653,82091,9,299,0,0,0,1002,"Ul'dah"
86,190701,82091,4,319,0,0,0,2500,"Abîme infini de Bahamut (fatal)"
87,190702,82091,4,320,0,0,0,2501,"Fantasmagorie d'Ultima (fatal)"
88,190703,82091,4,321,0,0,0,2502,"Odyssée d'Alexander (fatal)"
89,190704,82091,4,322,0,0,0,2503,"Guerre du chant des dragons (fatal)"
90,190412,82091,5,323,0,0,0,3209,"Roi du conflit S2"
91,190413,82091,5,324,0,0,0,3210,"Prince du conflit S2"
92,190414,82091,5,325,0,0,0,3211,"As du conflit S2"
93,190415,82091,5,326,0,0,0,3217,"Crystalline Conflict : bronze S2"
94,190416,82091,5,327,0,0,0,3216,"Crystalline Conflict : argent S2"
95,190417,82091,5,328,0,0,0,3215,"Crystalline Conflict : or S2"
96,190418,82091,5,329,0,0,0,3214,"Crystalline Conflict : platine S2"
97,190419,82091,5,330,0,0,0,3213,"Crystalline Conflict : diamant S2"
98,190420,82091,5,331,0,0,0,3212,"Crystalline Conflict : cristal S2"
99,190421,82091,5,332,0,0,0,3218,"Roi du conflit S3"
100,190422,82091,5,333,0,0,0,3219,"Prince du conflit S3"
101,190423,82091,5,334,0,0,0,3220,"As du conflit S3"
102,190424,82091,5,335,0,0,0,3226,"Crystalline Conflict : bronze S3"
103,190425,82091,5,336,0,0,0,3225,"Crystalline Conflict : argent S3"
104,190426,82091,5,337,0,0,0,3224,"Crystalline Conflict : or S3"
105,190427,82091,5,338,0,0,0,3223,"Crystalline Conflict : platine S3"
106,190428,82091,5,339,0,0,0,3222,"Crystalline Conflict : diamant S3"
107,190429,82091,5,340,0,0,0,3221,"Crystalline Conflict : cristal S3"
108,190430,82091,10,341,0,0,0,3002,"Crystalline Conflict : bleu"
109,190431,82091,10,342,0,0,0,3003,"Crystalline Conflict : rouge"
110,190705,82091,4,343,0,0,0,2403,"Donjon à embranchements : Les canalisations sildiennes"
111,190966,82091,3,344,0,0,0,2315,"Quêtes des Omicrons"
112,190012,82091,1,1,0,0,0,12,"Ciel bleu"
113,190013,82091,1,1,0,0,0,11,"Plage"
114,190014,82091,1,1,0,0,0,13,"Ciel étoilé"
115,190015,82091,1,1,0,0,0,19,"Mur de briques"
116,190016,82091,1,1,0,0,0,20,"Bande dessinée"
117,190017,82091,1,1,0,0,0,17,"Édredon noir"
118,190018,82091,1,1,0,0,0,18,"Édredon blanc"
119,190019,82091,1,1,0,0,0,21,"Motifs géométriques : cercles"
120,190020,82091,1,1,0,0,0,16,"Éther étincelant violet"
121,190021,82091,1,1,0,0,0,14,"Éther étincelant bleu"
122,190022,82091,1,1,0,0,0,15,"Éther étincelant rouge"
123,190023,82091,7,347,0,0,0,22,"Musique"
124,190024,82091,1,1,0,0,0,23,"Paravent oriental"
125,190025,82091,1,1,0,0,0,900,"Objet basique"
126,190026,82091,1,1,0,0,0,901,"Objet éthéré"
127,190027,82091,1,1,0,0,0,902,"Objet commun"
128,190028,82091,1,1,0,0,0,903,"Objet rare"
129,190029,82091,1,1,0,0,0,904,"Objet épique"
130,190991,82091,9,346,0,0,0,1010,"Drapeau limséen"
131,190992,82091,9,346,0,0,0,1011,"Drapeau gridanien"
132,190993,82091,9,346,0,0,0,1012,"Drapeau uldien"
133,190432,82091,5,409,0,0,0,3227,"Roi du conflit S4"
134,190433,82091,5,410,0,0,0,3228,"Prince du conflit S4"
135,190434,82091,5,411,0,0,0,3229,"As du conflit S4"
136,190440,82091,5,412,0,0,0,3230,"Crystalline Conflict : cristal S4"
137,190439,82091,5,413,0,0,0,3231,"Crystalline Conflict : diamant S4"
138,190438,82091,5,414,0,0,0,3232,"Crystalline Conflict : platine S4"
139,190437,82091,5,415,0,0,0,3233,"Crystalline Conflict : or S4"
140,190436,82091,5,416,0,0,0,3234,"Crystalline Conflict : argent S4"
141,190435,82091,5,417,0,0,0,3235,"Crystalline Conflict : bronze S4"
142,190441,82091,5,418,0,0,0,3236,"Roi du conflit S5"
143,190442,82091,5,419,0,0,0,3237,"Prince du conflit S5"
144,190443,82091,5,420,0,0,0,3238,"As du conflit S5"
145,190449,82091,5,421,0,0,0,3239,"Crystalline Conflict : cristal S5"
146,190448,82091,5,422,0,0,0,3240,"Crystalline Conflict : diamant S5"
147,190447,82091,5,423,0,0,0,3241,"Crystalline Conflict : platine S5"
148,190446,82091,5,424,0,0,0,3242,"Crystalline Conflict : or S5"
149,190445,82091,5,425,0,0,0,3243,"Crystalline Conflict : argent S5"
150,190444,82091,5,426,0,0,0,3244,"Crystalline Conflict : bronze S5"
151,190450,82091,10,427,0,0,0,3004,"Faucons"
152,190451,82091,10,428,0,0,0,3005,"Corbeaux"
153,190962,82091,3,429,0,0,0,2311,"Quêtes des Pixies"
154,190963,82091,3,430,0,0,0,2312,"Quêtes des Qitari"
155,190964,82091,3,431,0,0,0,2313,"Quêtes des Nains"
156,190965,82091,3,432,0,0,0,2314,"Quêtes des Arkasodaras"
157,190967,82091,3,433,0,0,0,2316,"Quêtes des Loporrites"
158,190706,82091,4,434,0,0,0,2504,"Protocole Oméga (fatal)"
159,190711,82091,4,465,0,0,0,2358,"Eurêka Orthos"
160,190712,82091,4,466,0,0,0,2359,"Enaretos"
161,190713,82091,3,467,0,0,0,2251,"Conte des quatre animaux sacrés"
162,190714,82091,8,468,0,0,0,2340,"Félicité insulaire 1"
163,190715,82091,8,469,0,0,0,2341,"Félicité insulaire 2"
164,190452,82091,5,502,0,0,0,3245,"Roi du conflit S6"
165,190453,82091,5,503,0,0,0,3246,"Prince du conflit S6"
166,190454,82091,5,504,0,0,0,3247,"As du conflit S6"
167,190460,82091,5,505,0,0,0,3248,"Crystalline Conflict : cristal S6"
168,190459,82091,5,506,0,0,0,3249,"Crystalline Conflict : diamant S6"
169,190458,82091,5,507,0,0,0,3250,"Crystalline Conflict : platine S6"
170,190457,82091,5,508,0,0,0,3251,"Crystalline Conflict : or S6"
171,190456,82091,5,509,0,0,0,3252,"Crystalline Conflict : argent S6"
172,190455,82091,5,510,0,0,0,3253,"Crystalline Conflict : bronze S6"
173,190461,82091,5,511,0,0,0,3254,"Roi du conflit S7"
174,190462,82091,5,512,0,0,0,3255,"Prince du conflit S7"
175,190463,82091,5,513,0,0,0,3256,"As du conflit S7"
176,190469,82091,5,514,0,0,0,3257,"Crystalline Conflict : cristal S7"
177,190468,82091,5,515,0,0,0,3258,"Crystalline Conflict : diamant S7"
178,190467,82091,5,516,0,0,0,3259,"Crystalline Conflict : platine S7"
179,190466,82091,5,517,0,0,0,3260,"Crystalline Conflict : or S7"
180,190465,82091,5,518,0,0,0,3261,"Crystalline Conflict : argent S7"
181,190464,82091,5,519,0,0,0,3262,"Crystalline Conflict : bronze S7"
182,190470,82091,10,520,0,0,0,3006,"Motif oriental 1 : vagues"
183,190471,82091,10,521,0,0,0,3007,"Motif oriental 2 : vagues"
184,190960,82091,3,524,0,0,0,2308,"Quêtes des Kojin"
185,190959,82091,3,525,0,0,0,2309,"Quêtes des Anantas"
186,190961,82091,3,526,0,0,0,2310,"Quêtes des Namazu"
187,190320,82091,2,522,0,0,0,2172,"Mage bleu (dynamique)"
188,190716,82091,3,527,0,0,0,2250,"La fin d'une ère"
189,190717,82091,7,523,0,0,0,3950,"10e anniversaire"
190,190718,82091,4,528,0,0,0,2404,"Donjon à embranchements : Le mont Rokkon"
191,190719,82091,8,529,0,0,0,2347,"Grand pêcheur"
192,190720,82091,8,530,0,0,0,2348,"Pêcheur de légendes"
193,190721,82091,8,531,0,0,0,2350,"Tuiles essentielles"
194,190490,82091,10,578,0,0,0,3008,"Le Palestre"
195,190491,82091,10,579,0,0,0,3009,"Le Petit Nuage"
196,190472,82091,5,580,0,0,0,3263,"Roi du conflit S8"
197,190473,82091,5,581,0,0,0,3264,"Prince du conflit S8"
198,190474,82091,5,582,0,0,0,3265,"As du conflit S8"
199,190480,82091,5,583,0,0,0,3266,"Crystalline Conflict : cristal S8"
200,190479,82091,5,584,0,0,0,3267,"Crystalline Conflict : diamant S8"
201,190478,82091,5,585,0,0,0,3268,"Crystalline Conflict : platine S8"
202,190477,82091,5,586,0,0,0,3269,"Crystalline Conflict : or S8"
203,190476,82091,5,587,0,0,0,3270,"Crystalline Conflict : argent S8"
204,190475,82091,5,588,0,0,0,3271,"Crystalline Conflict : bronze S8"
205,190481,82091,5,589,0,0,0,3272,"Roi du conflit S9"
206,190482,82091,5,590,0,0,0,3273,"Prince du conflit S9"
207,190483,82091,5,591,0,0,0,3274,"As du conflit S9"
208,190489,82091,5,592,0,0,0,3275,"Crystalline Conflict : cristal S9"
209,190488,82091,5,593,0,0,0,3276,"Crystalline Conflict : diamant S9"
210,190487,82091,5,594,0,0,0,3277,"Crystalline Conflict : platine S9"
211,190486,82091,5,595,0,0,0,3278,"Crystalline Conflict : or S9"
212,190485,82091,5,596,0,0,0,3279,"Crystalline Conflict : argent S9"
213,190484,82091,5,597,0,0,0,3280,"Crystalline Conflict : bronze S9"
214,190492,82091,5,598,0,0,0,3281,"Roi du conflit S10"
215,190493,82091,5,599,0,0,0,3282,"Prince du conflit S10"
216,190494,82091,5,600,0,0,0,3283,"As du conflit S10"
217,190500,82091,5,601,0,0,0,3284,"Crystalline Conflict : cristal S10"
218,190499,82091,5,602,0,0,0,3285,"Crystalline Conflict : diamant S10"
219,190498,82091,5,603,0,0,0,3286,"Crystalline Conflict : platine S10"
220,190497,82091,5,604,0,0,0,3287,"Crystalline Conflict : or S10"
221,190496,82091,5,605,0,0,0,3288,"Crystalline Conflict : argent S10"
222,190495,82091,5,606,0,0,0,3289,"Crystalline Conflict : bronze S10"
223,190956,82091,3,567,0,0,0,2305,"Quêtes des Vanu Vanu"
224,190957,82091,3,568,0,0,0,2306,"Quêtes des Gnathes"
225,190958,82091,3,569,0,0,0,2307,"Quêtes des Mogs"
226,190724,82091,3,572,0,0,0,2252,"Le Mythe éorzéen"
227,190725,82091,4,574,0,0,0,2405,"Donjon à embranchements : L'île d'Aloalo"
228,190722,82091,8,570,0,0,0,2351,"Aventures imaginaires de Khloe"
229,190723,82091,8,571,0,0,0,2352,"Touché-tourné"
230,190726,82091,7,575,0,0,0,3951,"Blunderville 1"
231,190727,82091,7,576,0,0,0,3952,"Blunderville 2"
232,190728,82091,7,577,0,0,0,3953,"Blunderville 3"
233,190729,82091,7,607,0,0,0,3954,"Yo-kai Watch"
234,190241,82091,2,703,0,0,0,2063,"Rôdeur vipère (standard)"
235,190321,82091,2,681,0,0,0,2163,"Rôdeur vipère (dynamique)"
236,190242,82091,2,704,0,0,0,2071,"Pictomancien (standard)"
237,190322,82091,2,682,0,0,0,2171,"Pictomancien (dynamique)"
238,190501,82091,10,683,0,0,0,3010,"Le Cœur volcanique"
239,190502,82091,10,684,0,0,0,3011,"Le Traquenard oriental"
240,190503,82091,5,685,0,0,0,3290,"Roi du conflit S11"
241,190504,82091,5,686,0,0,0,3291,"Prince du conflit S11"
242,190505,82091,5,687,0,0,0,3292,"As du conflit S11"
243,190511,82091,5,688,0,0,0,3293,"Crystalline Conflict : cristal S11"
244,190510,82091,5,689,0,0,0,3294,"Crystalline Conflict : diamant S11"
245,190509,82091,5,690,0,0,0,3295,"Crystalline Conflict : platine S11"
246,190508,82091,5,691,0,0,0,3296,"Crystalline Conflict : or S11"
247,190507,82091,5,692,0,0,0,3297,"Crystalline Conflict : argent S11"
248,190506,82091,5,693,0,0,0,3298,"Crystalline Conflict : bronze S11"
249,190954,82091,3,694,0,0,0,2302,"Quêtes des Kobolds"
250,190952,82091,3,695,0,0,0,2301,"Quêtes des Sylphes"
251,190951,82091,3,696,0,0,0,2300,"Quêtes des Amalj'aa"
252,190955,82091,3,697,0,0,0,2303,"Quêtes des Sahuagins"
253,190953,82091,3,698,0,0,0,2304,"Quêtes des Ixali"
254,190662,82091,9,701,0,0,0,1036,"Tuliyollal 1"
255,190663,82091,9,702,0,0,0,1037,"Tuliyollal 2"
256,190664,82091,9,699,0,0,0,1038,"Solution Neuf 1"
257,190665,82091,9,700,0,0,0,1039,"Solution Neuf 2"
258,190512,82091,10,756,0,0,0,3013,"Rocher des tréfonds"
259,190513,82091,10,757,0,0,0,3012,"Sables sanglants"
260,190514,82091,5,758,0,0,0,3299,"Roi du conflit S12"
261,190515,82091,5,759,0,0,0,3300,"Prince du conflit S12"
262,190516,82091,5,760,0,0,0,3301,"As du conflit S12"
263,190522,82091,5,761,0,0,0,3302,"Crystalline Conflict : cristal S12"
264,190521,82091,5,762,0,0,0,3303,"Crystalline Conflict : diamant S12"
265,190520,82091,5,763,0,0,0,3304,"Crystalline Conflict : platine S12"
266,190519,82091,5,764,0,0,0,3305,"Crystalline Conflict : or S12"
267,190518,82091,5,765,0,0,0,3306,"Crystalline Conflict : argent S12"
268,190517,82091,5,766,0,0,0,3307,"Crystalline Conflict : bronze S12"
269,190968,82091,3,767,0,0,0,2317,"Quêtes des Pelupelu"
270,190654,82091,9,768,0,0,0,1020,"Ishgard 1"
271,190672,82091,9,769,0,0,0,1021,"Ishgard 2"
272,190655,82091,9,770,0,0,0,1022,"Idyllée 1"
273,190673,82091,9,771,0,0,0,1023,"Idyllée 2"
274,190656,82091,9,772,0,0,0,1024,"Kugane 1"
275,190668,82091,9,773,0,0,0,1025,"Kugane 2"
276,190657,82091,9,774,0,0,0,1026,"L'Étendue de Rhalgr 1"
277,190669,82091,9,775,0,0,0,1027,"L'Étendue de Rhalgr 2"
278,190658,82091,9,776,0,0,0,1028,"Cristarium 1"
279,190670,82091,9,777,0,0,0,1029,"Cristarium 2"
280,190659,82091,9,778,0,0,0,1030,"Eulmore 1"
281,190671,82091,9,779,0,0,0,1031,"Eulmore 2"
282,190660,82091,9,780,0,0,0,1032,"Vieille Sharlayan 1"
283,190666,82091,9,781,0,0,0,1033,"Vieille Sharlayan 2"
284,190661,82091,9,782,0,0,0,1034,"Radz-at-Han 1"
285,190667,82091,9,783,0,0,0,1035,"Radz-at-Han 2"
286,190523,82091,10,852,0,0,0,3014,"Champs de la Gloire"
287,190524,82091,10,853,0,0,0,3015,"Onsal Hakair"
288,190525,82091,5,854,0,0,0,3308,"Roi du conflit S13"
289,190526,82091,5,855,0,0,0,3309,"Prince du conflit S13"
290,190527,82091,5,856,0,0,0,3310,"As du conflit S13"
291,190533,82091,5,857,0,0,0,3311,"Crystalline Conflict : cristal S13"
292,190532,82091,5,858,0,0,0,3312,"Crystalline Conflict : diamant S13"
293,190531,82091,5,859,0,0,0,3313,"Crystalline Conflict : platine S13"
294,190530,82091,5,860,0,0,0,3314,"Crystalline Conflict : or S13"
295,190529,82091,5,861,0,0,0,3315,"Crystalline Conflict : argent S13"
296,190528,82091,5,862,0,0,0,3316,"Crystalline Conflict : bronze S13"
297,190534,82091,5,863,0,0,0,3317,"Roi du conflit S14"
298,190535,82091,5,864,0,0,0,3318,"Prince du conflit S14"
299,190536,82091,5,865,0,0,0,3319,"As du conflit S14"
300,190542,82091,5,866,0,0,0,3320,"Crystalline Conflict : cristal S14"
301,190541,82091,5,867,0,0,0,3321,"Crystalline Conflict : diamant S14"
302,190540,82091,5,868,0,0,0,3322,"Crystalline Conflict : platine S14"
303,190539,82091,5,869,0,0,0,3323,"Crystalline Conflict : or S14"
304,190538,82091,5,870,0,0,0,3324,"Crystalline Conflict : argent S14"
305,190537,82091,5,871,0,0,0,3325,"Crystalline Conflict : bronze S14"
306,190730,82091,4,872,0,0,0,2505,"Futures Rewritten"
307,190969,82091,3,873,0,0,0,2318,"Quêtes des Mamool Ja"
308,190707,82091,4,874,0,0,0,2354,"Palais des morts 1"
309,190708,82091,4,875,0,0,0,2355,"Palais des morts 2"
310,190709,82091,4,876,0,0,0,2356,"Pilier des Cieux 1"
311,190710,82091,4,877,0,0,0,2357,"Pilier des Cieux 2"
312,190731,82091,4,879,0,0,0,2407,"Île de Lunule 1"
313,190732,82091,8,878,0,0,0,2343,"Exploration cosmique 1"
314,190733,82091,7,943,0,0,0,3955,"Monster Hunter Wilds 1"
315,190734,82091,7,944,0,0,0,3956,"Monster Hunter Wilds 2"
316,190543,82091,10,916,0,0,0,3016,"Gorge dérobée"
317,190544,82091,10,917,0,0,0,3017,"Ruines frontalières (annexion)"
318,190545,82091,5,918,0,0,0,3326,"Roi du conflit S15"
319,190546,82091,5,919,0,0,0,3327,"Prince du conflit S15"
320,190547,82091,5,920,0,0,0,3328,"As du conflit S15"
321,190553,82091,5,921,0,0,0,3329,"Crystalline Conflict : cristal S15"
322,190552,82091,5,922,0,0,0,3330,"Crystalline Conflict : diamant S15"
323,190551,82091,5,923,0,0,0,3331,"Crystalline Conflict : platine S15"
324,190550,82091,5,924,0,0,0,3332,"Crystalline Conflict : or S15"
325,190549,82091,5,925,0,0,0,3333,"Crystalline Conflict : argent S15"
326,190548,82091,5,926,0,0,0,3334,"Crystalline Conflict : bronze S15"
327,190554,82091,5,927,0,0,0,3335,"Roi du conflit S16"
328,190555,82091,5,928,0,0,0,3336,"Prince du conflit S16"
329,190556,82091,5,929,0,0,0,3337,"As du conflit S16"
330,190564,82091,5,930,0,0,0,3338,"Crystalline Conflict : Ultima S16"
331,190563,82091,5,931,0,0,0,3339,"Crystalline Conflict : Oméga S16"
332,190562,82091,5,932,0,0,0,3340,"Crystalline Conflict : cristal S16"
333,190561,82091,5,933,0,0,0,3341,"Crystalline Conflict : diamant S16"
334,190560,82091,5,934,0,0,0,3342,"Crystalline Conflict : platine S16"
335,190559,82091,5,935,0,0,0,3343,"Crystalline Conflict : or S16"
336,190558,82091,5,936,0,0,0,3344,"Crystalline Conflict : argent S16"
337,190557,82091,5,937,0,0,0,3345,"Crystalline Conflict : bronze S16"
338,190970,82091,3,938,0,0,0,2319,"Quêtes des Yok Huy"
339,190735,82091,4,941,0,0,0,2401,"Sanctuaire des pèlerins 1"
340,190736,82091,4,942,0,0,0,2402,"Sanctuaire des pèlerins 2"
341,190737,82091,8,940,0,0,0,2344,"Exploration cosmique 2"
342,190738,82091,8,939,0,0,0,2342,"Félicité insulaire 3"
343,190565,82091,10,995,0,0,0,3018,"Le Rivage redoutable"
344,190566,82091,10,996,0,0,0,3019,"Worqor Chirteh"
345,190567,82091,5,997,0,0,0,3346,"Roi du conflit S17"
346,190568,82091,5,998,0,0,0,3347,"Prince du conflit S17"
347,190569,82091,5,999,0,0,0,3348,"As du conflit S17"
348,190577,82091,5,1000,0,0,0,3349,"Crystalline Conflict : Ultima S17"
349,190576,82091,5,1001,0,0,0,3350,"Crystalline Conflict : Oméga S17"
350,190575,82091,5,1002,0,0,0,3351,"Crystalline Conflict : cristal S17"
351,190574,82091,5,1003,0,0,0,3352,"Crystalline Conflict : diamant S17"
352,190573,82091,5,1004,0,0,0,3353,"Crystalline Conflict : platine S17"
353,190572,82091,5,1005,0,0,0,3354,"Crystalline Conflict : or S17"
354,190571,82091,5,1006,0,0,0,3355,"Crystalline Conflict : argent S17"
355,190570,82091,5,1007,0,0,0,3356,"Crystalline Conflict : bronze S17"
356,190578,82091,5,1008,0,0,0,3357,"Roi du conflit S18"
357,190579,82091,5,1009,0,0,0,3358,"Prince du conflit S18"
358,190580,82091,5,1010,0,0,0,3359,"As du conflit S18"
359,190588,82091,5,1011,0,0,0,3360,"Crystalline Conflict : Ultima S18"
360,190587,82091,5,1012,0,0,0,3361,"Crystalline Conflict : Oméga S18"
361,190586,82091,5,1013,0,0,0,3362,"Crystalline Conflict : cristal S18"
362,190585,82091,5,1014,0,0,0,3363,"Crystalline Conflict : diamant S18"
363,190584,82091,5,1015,0,0,0,3364,"Crystalline Conflict : platine S18"
364,190583,82091,5,1016,0,0,0,3365,"Crystalline Conflict : or S18"
365,190582,82091,5,1017,0,0,0,3366,"Crystalline Conflict : argent S18"
366,190581,82091,5,1018,0,0,0,3367,"Crystalline Conflict : bronze S18"
367,190903,82091,7,1021,0,0,0,4002,"Récompense spéciale"
368,190739,82091,8,1020,0,0,0,2345,"Exploration cosmique 3"
369,190740,82091,4,1019,0,0,0,2406,"Donjon à embranchements : Contes du Camelot"
370,190030,82091,7,1044,0,0,0,905,"Style épuré 1"
371,190031,82091,7,1045,0,0,0,906,"Style épuré 2"
372,190032,82091,7,1046,0,0,0,907,"Style épuré 3"
373,190033,82091,7,1047,0,0,0,908,"Style épuré 4"
374,190034,82091,7,1048,0,0,0,909,"Style épuré 5"
375,190035,82091,7,1049,0,0,0,910,"Style épuré 6"
376,190036,82091,7,1050,0,0,0,911,"Style épuré 7"
377,190037,82091,7,1051,0,0,0,912,"Style épuré 8"
378,190741,82091,3,1022,0,0,0,2253,"Championnat céleste de l'Arcadion : Black Cat"
379,190742,82091,3,1023,0,0,0,2254,"Championnat céleste de l'Arcadion : Honey B. Lovely"
380,190743,82091,3,1024,0,0,0,2255,"Championnat céleste de l'Arcadion : Brute Bomber"
381,190744,82091,3,1025,0,0,0,2256,"Championnat céleste de l'Arcadion : Wicked Thunder"
382,190745,82091,3,1026,0,0,0,2257,"Championnat céleste de l'Arcadion : Dancing Green"
383,190746,82091,3,1027,0,0,0,2258,"Championnat céleste de l'Arcadion : Sugar Riot"
384,190747,82091,3,1028,0,0,0,2259,"Championnat céleste de l'Arcadion : Howling Blade"
385,190748,82091,3,1029,0,0,0,2260,"Championnat céleste de l'Arcadion : Vamp Fatale"
386,190749,82091,3,1030,0,0,0,2261,"Championnat céleste de l'Arcadion : Deep Blue"
387,190750,82091,3,1052,0,0,0,2262,"Championnat céleste de l'Arcadion : Red Hot"
388,190751,82091,3,1031,0,0,0,2263,"Championnat céleste de l'Arcadion : The Tyrant"
389,190589,82091,10,1060,0,0,0,3020,"La Bibliothèque Harmonia"
390,190590,82091,10,1061,0,0,0,3021,"Front : Maelstrom"
391,190625,82091,10,1062,0,0,0,3022,"Front : Deux Vipères"
392,190624,82091,10,1063,0,0,0,3023,"Front : Immortels"
393,190591,82091,5,1064,0,0,0,3368,"Roi du conflit S19"
394,190592,82091,5,1065,0,0,0,3369,"Prince du conflit S19"
395,190593,82091,5,1066,0,0,0,3370,"As du conflit S19"
396,190601,82091,5,1067,0,0,0,3371,"Crystalline Conflict : Ultima S19"
397,190600,82091,5,1068,0,0,0,3372,"Crystalline Conflict : Oméga S19"
398,190599,82091,5,1069,0,0,0,3373,"Crystalline Conflict : cristal S19"
399,190598,82091,5,1070,0,0,0,3374,"Crystalline Conflict : diamant S19"
400,190597,82091,5,1071,0,0,0,3375,"Crystalline Conflict : platine S19"
401,190596,82091,5,1072,0,0,0,3376,"Crystalline Conflict : or S19"
402,190595,82091,5,1073,0,0,0,3377,"Crystalline Conflict : argent S19"
403,190594,82091,5,1074,0,0,0,3378,"Crystalline Conflict : bronze S19"
404,190602,82091,5,1075,0,0,0,3379,"Roi du conflit S20"
405,190603,82091,5,1076,0,0,0,3380,"Prince du conflit S20"
406,190604,82091,5,1077,0,0,0,3381,"As du conflit S20"
407,190612,82091,5,1078,0,0,0,3382,"Crystalline Conflict : Ultima S20"
408,190611,82091,5,1079,0,0,0,3383,"Crystalline Conflict : Oméga S20"
409,190610,82091,5,1080,0,0,0,3384,"Crystalline Conflict : cristal S20"
410,190609,82091,5,1081,0,0,0,3385,"Crystalline Conflict : diamant S20"
411,190608,82091,5,1082,0,0,0,3386,"Crystalline Conflict : platine S20"
412,190607,82091,5,1083,0,0,0,3387,"Crystalline Conflict : or S20"
413,190606,82091,5,1084,0,0,0,3388,"Crystalline Conflict : argent S20"
414,190605,82091,5,1085,0,0,0,3389,"Crystalline Conflict : bronze S20"
415,190613,82091,5,1086,0,0,0,3390,"Roi du conflit S21"
416,190614,82091,5,1087,0,0,0,3391,"Prince du conflit S21"
417,190615,82091,5,1088,0,0,0,3392,"As du conflit S21"
418,190623,82091,5,1089,0,0,0,3393,"Crystalline Conflict : Ultima S21"
419,190622,82091,5,1090,0,0,0,3394,"Crystalline Conflict : Oméga S21"
420,190621,82091,5,1091,0,0,0,3395,"Crystalline Conflict : cristal S21"
421,190620,82091,5,1092,0,0,0,3396,"Crystalline Conflict : diamant S21"
422,190619,82091,5,1093,0,0,0,3397,"Crystalline Conflict : platine S21"
423,190618,82091,5,1094,0,0,0,3398,"Crystalline Conflict : or S21"
424,190617,82091,5,1095,0,0,0,3399,"Crystalline Conflict : argent S21"
425,190616,82091,5,1096,0,0,0,3400,"Crystalline Conflict : bronze S21"
426,190752,82091,7,1102,0,0,0,3957,"DRAGON QUEST X"
427,0,0,0,0,0,0,0,0,""
428,0,0,0,0,0,0,0,0,""
429,0,0,0,0,0,0,0,0,""
430,0,0,0,0,0,0,0,0,""
431,190756,82091,3,1097,0,0,0,2264,"Échos de Vana'diel : Jeuno"
432,190757,82091,3,1097,0,0,0,2265,"Échos de Vana'diel : San d'Oria"
433,190758,82091,3,1097,0,0,0,2266,"Échos de Vana'diel : Windurst"
434,190759,82091,8,1099,0,0,0,2346,"Exploration cosmique 4"
435,0,0,0,0,0,0,0,0,""
436,0,0,0,0,0,0,0,0,""
437,0,0,0,0,0,0,0,0,""
438,0,0,0,0,0,0,0,0,""
439,0,0,0,0,0,0,0,0,""
440,0,0,0,0,0,0,0,0,""
441,0,0,0,0,0,0,0,0,""
442,0,0,0,0,0,0,0,0,""
443,0,0,0,0,0,0,0,0,""
444,0,0,0,0,0,0,0,0,""
445,0,0,0,0,0,0,0,0,""
446,0,0,0,0,0,0,0,0,""
447,0,0,0,0,0,0,0,0,""
448,0,0,0,0,0,0,0,0,""
449,0,0,0,0,0,0,0,0,""
450,0,0,0,0,0,0,0,0,""
