key,0,1,2,3,4,5,6,7,8,9,10,11,12,13,14,15,16,17,18,19,20,21,22,23,24,25,26
#,StageFull,Stage,IndexText2,IndexText,IndexNpc,LodestoneRank,,FestivalId,FestivalPhase,,Thumbnail,,,,,,,,,,,,,,,,
offset,0,4,8,12,16,40,55,36,41,38,20,32,24,28,42,43,44,45,46,47,48,49,50,51,52,53,54
Int32,String,String,String,String,String,UInt8,PackedBool0,UInt16,UInt8,UInt16,UInt32,Int32,UInt32,UInt32,UInt8,UInt8,UInt8,UInt8,UInt8,UInt8,UInt8,UInt8,UInt8,UInt8,UInt8,UInt8,UInt8
0,"","","","","",0,False,158,0,0,0,0,0,0,0,0,0,0,0,0,0,0,0,0,0,0,0
1,"「第一次基地拡張計画」　資材準備中<hex:02100103> <hex:024804F2023B03><hex:024904F2023C03>コスモミッションに参加して資材を集めよう！","「第一次基地拡張計画」　資材準備中","ムーンゲート基地を拡張するべく、一緒に資材を集めてほしいッスよー！<hex:02100103>資材調達のため、コスモミッションにご協力くださいッス！","いよいよッス！　ムーンゲート基地を拡張するべく、一緒に資材を集めてほしいッスよー！","サーチングウェイ",0,False,158,1,0,241001,0,0,0,0,0,2,3,0,0,0,0,0,0,0,0,0
2,"「第一次基地拡張計画」　共同施工作業準備中<hex:02100103><hex:024804F2023B03><hex:024904F2023C03>共同施工作業の開始に備えよう！","「第一次基地拡張計画」　共同施工作業準備中","ムーンゲート基地拡張のための、共同施工作業の開催時刻が決まったッス！<hex:02100103>開催時には、ぜひぜひ協力してほしいッスー！","ムーンゲート基地拡張のための、共同施工作業の開催時刻が決まったッス！　協力してほしいッスー！","サーチングウェイ",0,False,158,2,0,241001,1451,0,0,0,0,2,3,0,0,0,0,0,0,0,0,0
3,"「第一次基地拡張計画」　共同施工作業実施中<hex:02100103><hex:024804F2023B03><hex:024904F2023C03>共同施工作業に参加しよう！","「第一次基地拡張計画」　共同施工作業実施中","ムーンゲート基地拡張のための、共同施工作業を開催中ッス！<hex:02100103>ぜひぜひ参加してほしいッスー！","ムーンゲート基地拡張のための、共同施工作業を開催中ッス！　ぜひぜひ参加してほしいッスー！","サーチングウェイ",0,False,158,3,0,241001,0,0,0,0,0,2,3,0,0,0,0,0,0,0,0,0
4,"ムーンゲート基地「ベースキャンプII」　完工<hex:02100103><hex:024804F2023B03><hex:024904F2023C03>次の作業を計画中、自由に過ごそう！","ムーンゲート基地「ベースキャンプII」　完工","ムーンゲート基地が、いい感じに拡張されたッス！<hex:02100103>探索活動もますます捗っていくはず……ご協力、ありがとうッスよー！","ムーンゲート基地が、いい感じに拡張されたッス！　ご協力、ありがとうッスよー！","サーチングウェイ",1,False,158,4,0,241002,1406,18,0,6,0,2,3,0,0,0,0,0,0,0,0,0
5,"「第一次コスモライナー敷設支援」　資材集積中<hex:02100103> <hex:024804F2023B03><hex:024904F2023C03>コスモミッションに参加して資材を集めよう！","「第一次コスモライナー敷設支援」　資材集積中","ムーンゲート基地付近に、移動のためのコスモライナーを敷設するッスよ！<hex:02100103>資材調達のため、コスモミッションにご協力くださいッス！","ムーンゲート基地付近に、移動のためのコスモライナーを敷設するッス！　一緒に資材を集めてほしいッスよー！","サーチングウェイ",1,False,158,5,0,241003,0,0,0,0,0,2,3,0,0,0,0,0,0,0,0,0
6,"「第一次コスモライナー敷設支援」　共同施工作業準備中<hex:02100103><hex:024804F2023B03><hex:024904F2023C03>共同施工作業の開始に備えよう！","「第一次コスモライナー敷設支援」　共同施工作業準備中","コスモライナー敷設のための、共同施工作業の開催時刻が決まったッス！<hex:02100103>開催時には、ぜひぜひ協力してほしいッスー！","コスモライナー敷設のための、共同施工作業の開催時刻が決まったッス！　協力してほしいッスー！","サーチングウェイ",1,False,158,6,0,241003,1451,0,0,0,0,2,3,0,0,0,0,0,0,0,0,0
7,"「第一次コスモライナー敷設支援」　共同施工作業実施中<hex:02100103><hex:024804F2023B03><hex:024904F2023C03>共同施工作業に参加しよう！","「第一次コスモライナー敷設支援」　共同施工作業実施中","ムーンゲート基地付近にコスモライナーを敷設するための、共同施工作業を開催中ッス！<hex:02100103>ぜひぜひ参加してほしいッスー！","基地付近にコスモライナーを敷設するための、共同施工作業を開催中ッス！　ぜひぜひ参加してほしいッスー！","サーチングウェイ",1,False,158,7,0,241003,0,0,0,0,0,2,3,0,0,0,0,0,0,0,0,0
8,"「コスモライナー：内周部」　敷設完了<hex:02100103><hex:024804F2023B03><hex:024904F2023C03>次の作業を計画中、自由に過ごそう！","「コスモライナー：内周部」　敷設完了","ムーンゲート基地付近にコスモライナーが敷設されたッス！<hex:02100103>移動が便利になって遠くまで探索へ行けるッスね、ご協力ありがとうッスよー！","ムーンゲート基地付近にコスモライナーが敷設されたッス！　ご協力、ありがとうッスよー！","サーチングウェイ",2,False,158,8,0,241004,1405,18,1,6,0,2,3,0,0,0,0,0,0,0,0,0
9,"居住モジュール、コスモポート　建設資材準備中<hex:02100103> <hex:024804F2023B03><hex:024904F2023C03>コスモミッションに参加して資材を集めよう！","居住モジュール、コスモポート　建設資材準備中","居住モジュールと、宇宙船を発着させるコスモポートを建設するッスよ！<hex:02100103>資材調達のため、コスモミッションにご協力くださいッス！","居住モジュールと、宇宙船を発着させるコスモポート建設のため、一緒に資材を集めてほしいッスよー！","サーチングウェイ",2,False,158,9,0,241005,0,0,0,0,0,2,3,0,0,0,0,0,0,0,0,0
10,"「居住モジュール設置支援」　共同施工作業準備中<hex:02100103><hex:024804F2023B03><hex:024904F2023C03>共同施工作業の開始に備えよう！","「居住モジュール設置支援」　共同施工作業準備中","居住モジュール建設のための共同施工作業の開催時刻が決まったッス！<hex:02100103>開催時には、ぜひぜひ協力してほしいッスー！","居住モジュール建設のための共同施工作業の開催時刻が決まったッス！　協力してほしいッスー！","サーチングウェイ",2,False,158,10,0,241005,1451,0,0,0,0,2,3,0,0,0,0,0,0,0,0,0
11,"「居住モジュール設置支援」　共同施工作業実施中<hex:02100103><hex:024804F2023B03><hex:024904F2023C03>共同施工作業に参加しよう！","「居住モジュール設置支援」　共同施工作業実施中","居住モジュール建設のための、共同施工作業を開催中ッス！<hex:02100103>ぜひぜひ参加してほしいッスー！","居住モジュール建設のための、共同施工作業を開催中ッス！　ぜひぜひ参加してほしいッスー！","サーチングウェイ",2,False,158,11,0,241005,0,0,0,0,0,2,3,0,0,0,0,0,0,0,0,0
12,"「第一次コスモポート整備支援」　資材準備中<hex:02100103><hex:024804F2023B03><hex:024904F2023C03>共同施工作業の開始に備えよう！","「第一次コスモポート整備支援」　資材準備中","コスモポート建設のための、共同施工作業の開催時刻が決まったッス！<hex:02100103>開催時には、ぜひぜひ協力してほしいッスー！","コスモポート建設のための共同施工作業の開催時刻が決まったッス！　協力してほしいッスー！","サーチングウェイ",3,False,158,12,0,241006,1401,18,2,5,0,2,3,0,0,0,0,0,0,0,0,0
13,"「第一次コスモポート整備支援」　共同施工作業実施中<hex:02100103><hex:024804F2023B03><hex:024904F2023C03>共同施工作業に参加しよう！","「第一次コスモポート整備支援」　共同施工作業実施中","コスモポート建設のための、共同施工作業を開催中ッス！<hex:02100103>ぜひぜひ参加してほしいッスー！","コスモポート建設のための、共同施工作業を開催中ッス！　ぜひぜひ参加してほしいッスー！","サーチングウェイ",3,False,158,12,0,241006,0,0,0,0,0,2,3,0,0,0,0,0,0,0,0,0
14,"居住モジュール、コスモポート　完工<hex:02100103><hex:024804F2023B03><hex:024904F2023C03>次の作業を計画中、自由に過ごそう！","居住モジュール、コスモポート　完工","居住モジュールと、コスモポートが建設されたッス！<hex:02100103>いよいよ基地らしくなってきたッスね、ご協力ありがとうッスよー！","居住モジュール、コスモポートが建設されたッス！　ご協力、ありがとうッスよー！","サーチングウェイ",4,False,158,13,0,241007,1401,18,3,5,0,2,3,0,0,0,0,0,0,0,0,0
15,"「第一次ハンガー拡張計画」　資材準備中<hex:02100103><hex:024804F2023B03><hex:024904F2023C03>コスモミッションに参加して資材を集めよう！","「第一次ハンガー拡張計画」　資材準備中","ローダーハンガーを高機能に改築するッス！<hex:02100103>資材調達のため、コスモミッションにご協力くださいッス！","ローダーハンガーを高機能に改築するッス！　一緒に資材を集めてほしいッスよー！","サーチングウェイ",4,False,158,14,0,241008,0,0,0,0,0,2,3,0,0,0,0,0,0,0,0,0
16,"「第一次ハンガー拡張計画」　共同施工作業準備中<hex:02100103> <hex:024804F2023B03><hex:024904F2023C03>共同施工作業の開始に備えよう！","「第一次ハンガー拡張計画」　共同施工作業準備中","ローダーハンガー改築のための共同施工作業の開催時刻が決まったッス！<hex:02100103>開催時には、ぜひぜひ協力してほしいッスー！","ローダーハンガー改築のための共同施工作業の開催時刻が決まったッス！　協力してほしいッスー！","サーチングウェイ",4,False,158,15,0,241008,1451,0,0,0,0,2,3,0,0,0,0,0,0,0,0,0
17,"「第一次ハンガー拡張計画」　共同施工作業実施中<hex:02100103><hex:024804F2023B03><hex:024904F2023C03>共同施工作業に参加しよう！","「第一次ハンガー拡張計画」　共同施工作業実施中","ローダーハンガー改築のための共同施工作業を開催中ッス！<hex:02100103>ぜひぜひ参加してほしいッスー！","ローダーハンガー改築のための共同施工作業を開催中ッス！　ぜひぜひ参加してほしいッスー！","サーチングウェイ",4,False,158,16,0,241008,0,0,0,0,0,2,3,0,0,0,0,0,0,0,0,0
18,"「ローダーハンガーII」　完工<hex:02100103><hex:024804F2023B03><hex:024904F2023C03>次の作業を計画中、自由に過ごそう！","「ローダーハンガーII」　完工","ローダーハンガーが高機能に改築されたッス！<hex:02100103>これでローダーもますます活躍してくはず……ご協力、ありがとうッスよー！","ローダーハンガーが高機能に改築されたッス！　ご協力、ありがとうッスよー！","サーチングウェイ",5,False,158,17,0,241009,1402,18,4,5,0,2,3,0,0,0,0,0,0,0,0,0
19,"「第二次コスモライナー敷設計画」　資材準備中<hex:02100103> <hex:024804F2023B03><hex:024904F2023C03>コスモミッションに参加して資材を集めよう！","「第二次コスモライナー敷設計画」　資材準備中","北西部のコスモライナーを敷設するッス！<hex:02100103>資材調達のため、コスモミッションにご協力くださいッス！","北西部のコスモライナーを敷設するッス！　一緒に資材を集めてほしいッスよー！","サーチングウェイ",5,False,158,18,0,241010,0,0,0,0,0,2,3,0,0,0,0,0,0,0,0,0
20,"「第二次コスモライナー敷設計画」　敷設中<hex:02100103><hex:024804F2023B03><hex:024904F2023C03>コスモライナーの完成を待とう！","「第二次コスモライナー敷設計画」　敷設中","北西部のコスモライナー敷設の、完工予定時刻が決まったッス！<hex:02100103>完工したらもっと便利になるから、もう少し待っててほしいッスー！","北西部のコスモライナー敷設の、完工予定時刻が決まったッス！","サーチングウェイ",5,False,158,18,0,241010,1452,0,0,0,0,2,3,0,0,0,0,0,0,0,0,0
21,"「コスモライナー：北西部」　敷設完了<hex:02100103><hex:024804F2023B03><hex:024904F2023C03>次の作業を計画中、自由に過ごそう！","「コスモライナー：北西部」　敷設完了","北西部のコスモライナーが敷設されたッス！<hex:02100103>北西部への探索が捗るはずッスね、ご協力ありがとうッスよー！","北西部のコスモライナーが敷設されたッス！　ご協力、ありがとうッスよー！","サーチングウェイ",6,False,158,19,0,241011,1407,18,5,6,0,2,3,0,0,0,0,0,0,0,0,0
22,"「第三次コスモライナー敷設計画」　資材準備中<hex:02100103> <hex:024804F2023B03><hex:024904F2023C03>コスモミッションに参加して資材を集めよう！","「第三次コスモライナー敷設計画」　資材準備中","南東部のコスモライナーを敷設するッス！<hex:02100103>資材調達のため、コスモミッションにご協力くださいッス！","南東部のコスモライナーを敷設するッス！　一緒に資材を集めてほしいッスよー！","サーチングウェイ",6,False,158,20,0,241012,0,0,0,0,0,2,3,0,0,0,0,0,0,0,0,0
23,"「第三次コスモライナー敷設計画」　敷設中<hex:02100103><hex:024804F2023B03><hex:024904F2023C03>コスモライナーの完成を待とう！","「第三次コスモライナー敷設計画」　敷設中","南東部のコスモライナー敷設の、完工予定時刻が決まったッス！<hex:02100103>完工したらもっと便利になるから、もう少し待っててほしいッスー！","南東部のコスモライナー敷設の、完工予定時刻が決まったッス！","サーチングウェイ",6,False,158,20,0,241012,1452,0,0,0,0,2,3,0,0,0,0,0,0,0,0,0
24,"「コスモライナー：南東部」　敷設完了<hex:02100103><hex:024804F2023B03><hex:024904F2023C03>次の作業を計画中、自由に過ごそう！","「コスモライナー：南東部」　敷設完了","南東部のコスモライナーが敷設されたッス！<hex:02100103>南東部への探索が捗るはずッスね、ご協力ありがとうッスよー！","南東部のコスモライナーが敷設されたッス！　ご協力、ありがとうッスよー！","サーチングウェイ",7,False,158,21,0,241013,1409,18,6,6,0,2,3,4,6,7,0,0,0,0,0,0
25,"「トンネル掘削工事」　資材準備中<hex:02100103> <hex:024804F2023B03><hex:024904F2023C03>コスモミッションに参加して資材を集めよう！","「トンネル掘削工事」　資材準備中","山にトンネルを開通させる工事をするッス！<hex:02100103>資材調達のため、コスモミッションにご協力くださいッス！","山にトンネルを開通させる工事をするッス！　一緒に資材を集めてほしいッスよー！","サーチングウェイ",7,False,158,22,0,241014,0,0,0,0,0,2,3,4,6,7,0,0,0,0,0,0
26,"「第一次トンネル掘削工事」　共同施工作業準備中<hex:02100103> <hex:024804F2023B03><hex:024904F2023C03>共同施工作業の開始に備えよう！","「第一次トンネル掘削工事」　共同施工作業準備中","トンネル開通工事のための、第一回共同施工作業の開催時刻が決まったッス！<hex:02100103>開催時には、ぜひぜひ協力してほしいッスー！","トンネル開通工事のための、第一回共同施工作業の開催時刻が決まったッス！　協力してほしいッスー！","サーチングウェイ",7,False,158,23,0,241014,1451,0,0,0,0,2,3,4,6,7,0,0,0,0,0,0
27,"「第一次トンネル掘削工事」　共同施工作業実施中<hex:02100103><hex:024804F2023B03><hex:024904F2023C03>共同施工作業に参加しよう！","「第一次トンネル掘削工事」　共同施工作業実施中","トンネル開通工事のための、第一回共同施工作業を開催中ッス！<hex:02100103>ぜひぜひ参加してほしいッスー！","トンネル開通工事のための、第一回共同施工作業を開催中ッス！　ぜひぜひ参加してほしいッスー！","サーチングウェイ",7,False,158,24,0,241014,0,0,0,0,0,2,3,4,6,7,0,0,0,0,0,0
28,"「第二次トンネル掘削工事」　共同施工作業準備中<hex:02100103><hex:024804F2023B03><hex:024904F2023C03>共同施工作業の開始に備えよう！","「第二次トンネル掘削工事」　共同施工作業準備中","トンネル開通工事のための、第二回共同施工作業の開催時刻が決まったッス！<hex:02100103>開催時には、ぜひぜひ協力してほしいッスー！","トンネル開通工事のための、第二回共同施工作業の開催時刻が決まったッス！　協力してほしいッスー！","サーチングウェイ",8,False,158,25,0,241015,1401,18,7,5,0,2,3,4,6,7,0,0,0,0,0,0
29,"「第二次トンネル掘削工事」　共同施工作業実施中<hex:02100103><hex:024804F2023B03><hex:024904F2023C03>共同施工作業に参加しよう！","「第二次トンネル掘削工事」　共同施工作業実施中","トンネル開通工事のための、第二回共同施工作業を開催中ッス！<hex:02100103>ぜひぜひ参加してほしいッスー！","トンネル開通工事のための、第二回共同施工作業を開催中ッス！　ぜひぜひ参加してほしいッスー！","サーチングウェイ",8,False,158,25,0,241015,0,0,0,0,0,2,3,4,6,7,0,0,0,0,0,0
30,"「ピアッシングウェイ・トンネル」　完工<hex:02100103><hex:024804F2023B03><hex:024904F2023C03>次の作業を計画中、自由に過ごそう！","「ピアッシングウェイ・トンネル」　完工","ピアッシングウェイ・トンネルが開通したッス！<hex:02100103>トンネルの奥への探索が捗るはずッスね、ご協力ありがとうッスよー！","ピアッシングウェイ・トンネルが開通したッス！　ご協力、ありがとうッスよー！","サーチングウェイ",9,False,158,26,0,241016,1408,18,8,6,0,2,3,4,6,7,0,0,0,0,0,0
31,"「第四次コスモライナー敷設計画」　資材準備中<hex:02100103> <hex:024804F2023B03><hex:024904F2023C03>コスモミッションに参加して資材を集めよう！","「第四次コスモライナー敷設計画」　資材準備中","トンネル奥のエリアに、コスモライナーを敷設するッス！<hex:02100103>資材調達のため、コスモミッションにご協力くださいッス！","トンネル奥のエリアに、コスモライナーを敷設するッス！　一緒に資材を集めてほしいッスよー！","サーチングウェイ",9,False,158,27,0,241017,0,0,0,0,0,2,3,4,6,7,0,0,0,0,0,0
32,"「第四次コスモライナー敷設計画」　敷設中<hex:02100103><hex:024804F2023B03><hex:024904F2023C03>コスモライナーの完成を待機しよう！","「第四次コスモライナー敷設計画」　敷設中","トンネル奥のコスモライナー敷設の、完工予定時刻が決まったッス！<hex:02100103>完工したらもっと便利になるから、もう少し待っててほしいッスー！","トンネル奥のコスモライナー敷設の、完工予定時刻が決まったッス！","サーチングウェイ",9,False,158,27,0,241017,1452,0,0,0,0,2,3,4,6,7,0,0,0,0,0,0
33,"「コスモライナー：南西部」　敷設完了<hex:02100103><hex:024804F2023B03><hex:024904F2023C03>次の作業を計画中、自由に過ごそう！","「コスモライナー：南西部」　敷設完了","トンネル奥のエリアにコスモライナーが敷設されたッス！<hex:02100103>ますます探索が捗るはずッスね、ご協力ありがとうッスよー！","トンネル奥のエリアにコスモライナーが敷設されたッス！　ご協力、ありがとうッスよー！","サーチングウェイ",10,False,158,28,0,241018,1412,18,9,6,0,2,3,4,6,7,8,0,0,0,0,0
34,"「第二次基地拡張計画」　資材準備中<hex:02100103> <hex:024804F2023B03><hex:024904F2023C03>コスモミッションに参加して資材を集めよう！","「第二次基地拡張計画」　資材準備中","ムーンゲート基地のさらなる拡張をするッス！<hex:02100103>資材調達のため、コスモミッションにご協力くださいッス！","ムーンゲート基地のさらなる拡張をするッス！　一緒に資材を集めてほしいッスよー！","サーチングウェイ",10,False,158,29,0,241019,0,0,0,0,0,2,3,4,6,7,8,0,0,0,0,0
35,"「第二次基地拡張計画」　共同施工作業準備中<hex:02100103><hex:024804F2023B03><hex:024904F2023C03>共同施工作業の開始に備えよう！","「第二次基地拡張計画」　共同施工作業準備中","基地のさらなる拡張のための、共同施工作業の開催時刻が決まったッス！<hex:02100103>開催時には、ぜひぜひ協力してほしいッスー！","基地のさらなる拡張のための、共同施工作業の開催時刻が決まったッス！　協力してほしいッスー！","サーチングウェイ",10,False,158,30,0,241019,1451,0,0,0,0,2,3,4,6,7,8,0,0,0,0,0
36,"「第二次基地拡張計画」　共同施工作業実施中<hex:02100103><hex:024804F2023B03><hex:024904F2023C03>共同施工作業に参加しよう！","「第二次基地拡張計画」　共同施工作業実施中","ムーンゲート基地のさらなる拡張のための、共同施工作業を開催中ッス！<hex:02100103>ぜひぜひ参加してほしいッスー！","ムーンゲート基地のさらなる拡張のための、共同施工作業を開催中ッス！　ぜひぜひ参加してほしいッスー！","サーチングウェイ",10,False,158,31,0,241019,0,0,0,0,0,2,3,4,6,7,8,0,0,0,0,0
37,"ムーンゲート基地「ベースキャンプIII」　完工<hex:02100103><hex:024804F2023B03><hex:024904F2023C03>次の作業を計画中、自由に過ごそう！","ムーンゲート基地「ベースキャンプIII」　完工","ムーンゲート基地がさらにいい感じに拡張されたッス！<hex:02100103>探索活動がさらに捗るはずッスね、ご協力ありがとうッスよー！","ムーンゲート基地がさらにいい感じに拡張されたッス！　ご協力、ありがとうッスよー！","サーチングウェイ",11,False,158,32,0,241020,1410,18,10,6,1,2,3,5,6,7,8,0,0,0,0,0
38,"発雷所、給水所　建設資材準備中<hex:02100103> <hex:024804F2023B03><hex:024904F2023C03>コスモミッションに参加して資材を集めよう！","発雷所、給水所　建設資材準備中","発雷所や給水所などの、インフラ施設を建設するッス！<hex:02100103>資材調達のため、コスモミッションにご協力くださいッス！","発雷所や給水所などの、インフラ施設を建設するッス！　一緒に資材を集めてほしいッスよー！","サーチングウェイ",11,False,158,33,0,241021,0,0,0,0,1,2,3,5,6,7,8,0,0,0,0,0
39,"「エネルギー設備拡充支援」　共同施工作業準備中<hex:02100103><hex:024804F2023B03><hex:024904F2023C03>共同施工作業の開始に備えよう！","「エネルギー設備拡充支援」　共同施工作業準備中","発雷所建設のための共同施工作業の開催時刻が決まったッス！<hex:02100103>開催時には、ぜひぜひ協力してほしいッスー！","発雷所建設のための共同施工作業の開催時刻が決まったッス！　協力してほしいッスー！","サーチングウェイ",11,False,158,34,0,241021,1451,0,0,0,1,2,3,5,6,7,8,0,0,0,0,0
40,"「エネルギー設備拡充支援」　共同施工作業実施中<hex:02100103><hex:024804F2023B03><hex:024904F2023C03>共同施工作業に参加しよう！","「エネルギー設備拡充支援」　共同施工作業実施中","発雷所建設のための、共同施工作業を開催中ッス！<hex:02100103>ぜひぜひ参加してほしいッスー！","発雷所建設のための、共同施工作業を開催中ッス！　ぜひぜひ参加してほしいッスー！","サーチングウェイ",11,False,158,35,0,241021,0,0,0,0,1,2,3,5,6,7,8,0,0,0,0,0
41,"「給水設備拡充支援」　共同施工作業準備中<hex:02100103><hex:024804F2023B03><hex:024904F2023C03>共同施工作業の開始に備えよう！","「給水設備拡充支援」　共同施工作業準備中","給水所建設のための共同施工作業の開催時刻が決まったッス！<hex:02100103>開催時には、ぜひぜひ協力してほしいッスー！","給水所建設のための共同施工作業の開催時刻が決まったッス！　協力してほしいッスー！","サーチングウェイ",12,False,158,36,0,241022,1401,18,11,5,1,2,3,5,6,7,8,0,0,0,0,0
42,"「給水設備拡充支援」　共同施工作業実施中<hex:02100103><hex:024804F2023B03><hex:024904F2023C03>共同施工作業に参加しよう！","「給水設備拡充支援」　共同施工作業実施中","給水所建設のための、共同施工作業を開催中ッス！<hex:02100103>ぜひぜひ参加してほしいッスー！","給水所建設のための、共同施工作業を開催中ッス！　ぜひぜひ参加してほしいッスー！","サーチングウェイ",12,False,158,36,0,241022,0,0,0,0,1,2,3,5,6,7,8,0,0,0,0,0
43,"発雷所、給水所　完工<hex:02100103><hex:024804F2023B03><hex:024904F2023C03>次の作業を計画中、自由に過ごそう！","発雷所、給水所　完工","いろんなインフラ施設が完成したッス！<hex:02100103>エネルギーや水の心配がグッと少なくなったはずッス、ご協力ありがとうッスよー！","いろんなインフラ施設が完成したッス！　ご協力、ありがとうッスよー！","サーチングウェイ",13,False,158,37,0,241023,1401,18,12,5,1,2,3,5,6,7,8,0,0,0,0,0
44,"ローダーハンガーII、コスモポート　改築資材準備中<hex:02100103> <hex:024804F2023B03><hex:024904F2023C03>コスモミッションに参加して資材を集めよう！","ローダーハンガーII、コスモポート　改築資材準備中","ローダーハンガーとコスモポートを高機能に改築するッス！<hex:02100103>資材調達のため、コスモミッションにご協力くださいッス！","ローダーハンガーとコスモポートを高機能に改築するッス！　一緒に資材を集めてほしいッスよー！","サーチングウェイ",13,False,158,38,0,241024,0,0,0,0,1,2,3,5,6,7,8,0,0,0,0,0
45,"「第二次ハンガー拡張計画」　共同施工作業準備中<hex:02100103><hex:024804F2023B03><hex:024904F2023C03>共同施工作業の開始に備えよう！","「第二次ハンガー拡張計画」　共同施工作業準備中","ローダーハンガー改築のための共同施工作業の開催時刻が決まったッス！<hex:02100103>開催時には、ぜひぜひ協力してほしいッスー！","ローダーハンガー改築のための共同施工作業の開催時刻が決まったッス！　協力してほしいッスー！","サーチングウェイ",13,False,158,39,0,241024,1451,0,0,0,1,2,3,5,6,7,8,0,0,0,0,0
46,"「第二次ハンガー拡張計画」　共同施工作業実施中<hex:02100103><hex:024804F2023B03><hex:024904F2023C03>共同施工作業に参加しよう！","「第二次ハンガー拡張計画」　共同施工作業実施中","ローダーハンガー改築のための、共同施工作業を開催中ッス！<hex:02100103>ぜひぜひ参加してほしいッスー！","ローダーハンガー改築のための、共同施工作業を開催中ッス！　ぜひぜひ参加してほしいッスー！","サーチングウェイ",13,False,158,40,0,241024,0,0,0,0,1,2,3,5,6,7,8,0,0,0,0,0
47,"「第二次コスモポート整備作業」　共同施工作業準備中<hex:02100103><hex:024804F2023B03><hex:024904F2023C03>共同施工作業の開始に備えよう！","「第二次コスモポート整備作業」　共同施工作業準備中","コスモポート改築のための共同施工作業の開催時刻が決まったッス！<hex:02100103>開催時には、ぜひぜひ協力してほしいッスー！","コスモポート改築のための共同施工作業の開催時刻が決まったッス！　協力してほしいッスー！","サーチングウェイ",14,False,158,41,0,241025,1402,18,13,5,1,2,3,5,6,7,8,0,0,0,0,0
48,"「第二次コスモポート整備作業」　共同施工作業実施中<hex:02100103><hex:024804F2023B03><hex:024904F2023C03>共同施工作業に参加しよう！","「第二次コスモポート整備作業」　共同施工作業実施中","コスモポート改築のための、共同施工作業を開催中ッス！<hex:02100103>ぜひぜひ参加してほしいッスー！","コスモポート改築のための、共同施工作業を開催中ッス！　ぜひぜひ参加してほしいッスー！","サーチングウェイ",14,False,158,41,0,241025,0,0,0,0,1,2,3,5,6,7,8,0,0,0,0,0
49,"ローダーハンガーIII、コスモポートII　完工<hex:02100103><hex:024804F2023B03><hex:024904F2023C03>次の作業を計画中、自由に過ごそう！","ローダーハンガーIII、コスモポートII　完工","ローダーハンガー、コスモポートが高機能に改築されたッス！<hex:02100103>ますます探索活動が捗るはずッス、ご協力ありがとうッスよー！","ローダーハンガー、コスモポートが高機能に改築されたッス！　ご協力、ありがとうッスよー！","サーチングウェイ",15,False,158,42,0,241026,1402,18,14,5,1,2,3,5,6,7,8,0,0,0,0,0
50,"「リフト用地整備」　資材準備中<hex:02100103><hex:024804F2023B03><hex:024904F2023C03>コスモミッションに参加して資材を集めよう！","「リフト用地整備」　資材準備中","地底に降りるリフトの開通工事をするッス！<hex:02100103>資材調達のため、コスモミッションにご協力くださいッス！","地底に降りるリフトの開通工事をするッス！　一緒に資材を集めてほしいッスよー！","サーチングウェイ",15,False,158,43,0,241027,0,0,0,0,1,2,3,5,6,7,8,0,0,0,0,0
51,"「第一次リフト用地整備」　共同施工作業準備中<hex:02100103><hex:024804F2023B03><hex:024904F2023C03>共同施工作業の開始に備えよう！","「第一次リフト用地整備」　共同施工作業準備中","地底リフト開通工事のための、第一回共同施工作業の開催時刻が決まったッス！<hex:02100103>開催時には、ぜひぜひ協力してほしいッスー！","地底リフト開通工事のための、第一回共同施工作業の開催時刻が決まったッス！　協力してほしいッスー！","サーチングウェイ",15,False,158,44,0,241027,1451,0,0,0,1,2,3,5,6,7,8,0,0,0,0,0
52,"「第一次リフト用地整備」　共同施工作業実施中<hex:02100103><hex:024804F2023B03><hex:024904F2023C03>共同施工作業に参加しよう！","「第一次リフト用地整備」　共同施工作業実施中","地底リフト開通工事のための、第一回共同施工作業を開催中ッス！<hex:02100103>ぜひぜひ参加してほしいッスー！","地底リフト開通工事のための、第一回共同施工作業を開催中ッス！　ぜひぜひ参加してほしいッスー！","サーチングウェイ",15,False,158,45,0,241027,0,0,0,0,1,2,3,5,6,7,8,0,0,0,0,0
53,"「第二次リフト用地整備」　共同施工作業準備中<hex:02100103><hex:024804F2023B03><hex:024904F2023C03>共同施工作業の開始に備えよう！","「第二次リフト用地整備」　共同施工作業準備中","地底リフト開通工事のための、第二回共同施工作業の開催時刻が決まったッス！<hex:02100103>開催時には、ぜひぜひ協力してほしいッスー！","地底リフト開通工事のための、第二回共同施工作業の開催時刻が決まったッス！　協力してほしいッスー！","サーチングウェイ",16,False,158,46,0,241028,1401,18,15,5,1,2,3,5,6,7,8,0,0,0,0,0
54,"「第二次リフト用地整備」　共同施工作業実施中<hex:02100103><hex:024804F2023B03><hex:024904F2023C03>共同施工作業に参加しよう！","「第二次リフト用地整備」　共同施工作業実施中","地底リフト開通工事のための、第二回共同施工作業を開催中ッス！<hex:02100103>ぜひぜひ参加してほしいッスー！","地底リフト開通工事のための、第二回共同施工作業を開催中ッス！　ぜひぜひ参加してほしいッスー！","サーチングウェイ",16,False,158,46,0,241028,0,0,0,0,1,2,3,5,6,7,8,0,0,0,0,0
55,"「ネイディア・リフト」　完工<hex:02100103><hex:024804F2023B03><hex:024904F2023C03>次の作業を計画中、自由に過ごそう！","「ネイディア・リフト」　完工","地底への「ネイディア・リフト」が開通したッス！<hex:02100103>地底空間の探索が捗るはずッス、ご協力ありがとうッスよー！","地底リフトが開通したッス！　ご協力、ありがとうッスよー！","サーチングウェイ",17,False,158,47,0,241029,1411,18,16,6,1,2,3,5,6,7,8,0,0,0,0,0
56,"「第五次コスモライナー敷設計画」　資材準備中<hex:02100103> <hex:024804F2023B03><hex:024904F2023C03>コスモミッションに参加して資材を集めよう！","「第五次コスモライナー敷設計画」　資材準備中","地底部のコスモライナーを敷設するッス！<hex:02100103>資材調達のため、コスモミッションにご協力くださいッス！","地底部のコスモライナーを敷設するッス！　一緒に資材を集めてほしいッスよー！","サーチングウェイ",17,False,158,48,0,241030,0,0,0,0,1,2,3,5,6,7,8,0,0,0,0,0
57,"「第五次コスモライナー敷設計画」　敷設中<hex:02100103><hex:024804F2023B03><hex:024904F2023C03>コスモライナーの完成を待とう！","「第五次コスモライナー敷設計画」　敷設中","地底部のコスモライナー敷設の、完工予定時刻が決まったッス！<hex:02100103>完工したらもっと便利になるから、もう少し待っててほしいッスー！","地底部のコスモライナー敷設の、完工予定時刻が決まったッス！","サーチングウェイ",17,False,158,48,0,241030,1452,0,0,0,1,2,3,5,6,7,8,0,0,0,0,0
58,"「コスモライナー：地底部」　敷設完了<hex:02100103><hex:024804F2023B03><hex:024904F2023C03>次の作業を計画中、自由に過ごそう！","「コスモライナー：地底部」　敷設完了","地底部にコスモライナーが敷設されたッス！<hex:02100103>ますます探索が捗るはずッス、ご協力ありがとうッスよー！","地底部にコスモライナーが敷設されたッス！　ご協力、ありがとうッスよー！","サーチングウェイ",18,False,158,49,0,241031,1404,18,17,6,1,2,3,5,6,7,8,9,0,0,0,0
59,"「基地総合設備拡充工事」　資材準備中<hex:02100103> <hex:024804F2023B03><hex:024904F2023C03>コスモミッションに参加して資材を集めよう！","「基地総合設備拡充工事」　資材準備中","ムーンゲート基地のすんごい拡充をするッス！<hex:02100103>資材調達のため、コスモミッションにご協力くださいッス！","ムーンゲート基地のすんごい拡充をするッス！　一緒に資材を集めてほしいッスよー！","サーチングウェイ",18,False,158,50,0,241032,0,0,0,0,1,2,3,5,6,7,8,9,0,0,0,0
60,"「基地総合設備拡充工事」　共同施工作業準備中<hex:02100103><hex:024804F2023B03><hex:024904F2023C03>共同施工作業の開始に備えよう！","「基地総合設備拡充工事」　共同施工作業準備中","基地のすんごい拡張のための、共同施工作業の開催時刻が決まったッス！<hex:02100103>開催時には、ぜひぜひ協力してほしいッスー！","基地のすんごい拡張のための、共同施工作業の開催時刻が決まったッス！　協力してほしいッスー！","サーチングウェイ",18,False,158,51,0,241032,1451,0,0,0,1,2,3,5,6,7,8,9,0,0,0,0
61,"「基地総合設備拡充工事」　共同施工作業実施中<hex:02100103><hex:024804F2023B03><hex:024904F2023C03>共同施工作業に参加しよう！","「基地総合設備拡充工事」　共同施工作業実施中","ムーンゲート基地のすんごい拡張のための、共同施工作業を開催中ッス！<hex:02100103>ぜひぜひ参加してほしいッスー！","ムーンゲート基地のすんごい拡張のための、共同施工作業を開催中ッス！　ぜひぜひ参加してほしいッスー！","サーチングウェイ",18,False,158,52,0,241032,0,0,0,0,1,2,3,5,6,7,8,9,0,0,0,0
62,"ムーンゲート基地「ルナホップ・ポリス」　完工<hex:02100103><hex:024804F2023B03><hex:024904F2023C03>星々に想いを馳せながら、自由に過ごそう！","ムーンゲート基地「ルナホップ・ポリス」　完工","ムーンゲート基地がすんごく拡張されたッス！<hex:02100103>すっかり立派な基地になったッスね、ご協力ありがとうッスよー！","ムーンゲート基地がすんごく拡張されたッス！　ご協力、ありがとうッスよー！","サーチングウェイ",19,False,158,53,0,241033,1403,18,18,6,1,2,3,5,6,7,8,9,0,0,0,0
63,"「月面基地整備計画」　完了<hex:02100103><hex:024804F2023B03><hex:024904F2023C03>星々に想いを馳せながら、自由に過ごそう！","「月面基地整備計画」　完了","協力してくれたみんなのおかげで、月面の全施設が完成したッス！<hex:02100103>焦がれの入江からの旅立ちの日に向けて、ワクワクが止まらないッス～！","協力してくれたみんなのおかげで、月面の全施設が完成したッス！　ありがとうッスよー！！","サーチングウェイ",19,False,158,54,0,241034,0,0,0,0,1,2,3,5,6,7,8,9,0,0,0,0
64,"「第一次基地拡張計画」　資材集積中<hex:02100103><hex:024804F2023B03><hex:024904F2023C03>コスモミッションに参加して資材を集めよう！","「第一次基地拡張計画」　資材集積中","グラスブロワーズ基地を拡張するべく、準備を進めてるッス！<hex:02100103>資材調達のため、コスモミッションにご協力くださいッス！","今回も始めるッス！　グラスブロワーズ基地を拡張するべく、一緒に資材を集めてほしいッスよー！","サーチングウェイ",0,False,168,1,0,241035,0,0,0,0,2,3,4,0,0,0,0,0,0,0,0,0
65,"「第一次基地拡張計画」　共同施工作業準備中<hex:02100103><hex:024804F2023B03><hex:024904F2023C03>共同施工作業の開始に備えよう！","「第一次基地拡張計画」　共同施工作業準備中","グラスブロワーズ基地拡張のための、共同施工作業の開催時刻が決まったッス！<hex:02100103>開催時には、ぜひぜひ協力してほしいッスー！","グラスブロワーズ基地拡張のための、共同施工作業の開催時刻が決まったッス！　協力してほしいッスー！","サーチングウェイ",0,False,168,1,0,241035,1451,0,0,0,2,3,4,0,0,0,0,0,0,0,0,0
66,"「第一次基地拡張計画」　共同施工作業実施中<hex:02100103><hex:024804F2023B03><hex:024904F2023C03>共同施工作業に参加しよう！","「第一次基地拡張計画」　共同施工作業実施中","グラスブロワーズ基地拡張のための、共同施工作業を開催中ッス！<hex:02100103>ぜひぜひ参加してほしいッスー！","グラスブロワーズ基地拡張のための、共同施工作業を開催中ッス！　ぜひぜひ参加してほしいッスー！","サーチングウェイ",0,False,168,2,0,241035,0,0,0,0,2,3,4,0,0,0,0,0,0,0,0,0
67,"グラスブロワーズ基地「ベースキャンプII」　完工<hex:02100103><hex:024804F2023B03><hex:024904F2023C03>次の作業を計画中、自由に過ごそう！","グラスブロワーズ基地「ベースキャンプII」　完工","グラスブロワーズ基地が拡張されたッス！<hex:02100103>探索活動もますます捗っていくはず……ご協力ありがとうッスよー！","グラスブロワーズ基地が拡張されたッス！　ご協力、ありがとうッスよー！","サーチングウェイ",1,False,168,3,0,241036,1478,126,0,6,2,3,4,0,0,0,0,0,0,0,0,0
68,"「第一次コスモライナー敷設支援」　資材集積中<hex:02100103><hex:024804F2023B03><hex:024904F2023C03>コスモミッションに参加して資材を集めよう！","「第一次コスモライナー敷設支援」　資材集積中","グラスブロワーズ基地付近に、コスモライナーを敷設するッス！<hex:02100103>資材調達のため、コスモミッションにご協力くださいッス！","グラスブロワーズ基地付近に、コスモライナーを敷設するッス！　一緒に資材を集めてほしいッスよー！","サーチングウェイ",1,False,168,4,0,241037,0,0,0,0,2,3,4,0,0,0,0,0,0,0,0,0
69,"「第一次コスモライナー敷設支援」　共同施工作業準備中<hex:02100103><hex:024804F2023B03><hex:024904F2023C03>共同施工作業の開始に備えよう！","「第一次コスモライナー敷設支援」　共同施工作業準備中","コスモライナー敷設のための、共同施工作業の開催時刻が決まったッス！<hex:02100103>開催時には、ぜひぜひ協力してほしいッスー！","コスモライナー敷設のための、共同施工作業の開催時刻が決まったッス！　協力してほしいッスー！","サーチングウェイ",1,False,168,4,0,241037,1451,0,0,0,2,3,4,0,0,0,0,0,0,0,0,0
70,"「第一次コスモライナー敷設支援」　共同施工作業実施中<hex:02100103><hex:024804F2023B03><hex:024904F2023C03>共同施工作業に参加しよう！","「第一次コスモライナー敷設支援」　共同施工作業実施中","グラスブロワーズ基地付近にコスモライナー敷設するための、共同施工作業を開催中ッス！<hex:02100103>参加してほしいッスー！","グラスブロワーズ基地付近にコスモライナー敷設するための、共同施工作業を開催中ッス！　参加してほしいッスー！","サーチングウェイ",1,False,168,4,0,241037,0,0,0,0,2,3,4,0,0,0,0,0,0,0,0,0
71,"「コスモライナー：拠点周縁部」　敷設完了<hex:02100103><hex:024804F2023B03><hex:024904F2023C03>次の作業を計画中、自由に過ごそう！","「コスモライナー：拠点周縁部」　敷設完了","グラスブロワーズ基地付近にコスモライナーが敷設されたッス！<hex:02100103>移動が便利になって遠くまで探索へ行けるッスね、ご協力ありがとうッスよー！","グラスブロワーズ基地付近にコスモライナーが敷設されたッス！　ご協力、ありがとうッスよー！","サーチングウェイ",2,False,168,5,0,241038,1479,126,1,6,2,3,4,0,0,0,0,0,0,0,0,0
72,"「居住モジュール設置支援」　資材集積中<hex:02100103><hex:024804F2023B03><hex:024904F2023C03>コスモミッションに参加して資材を集めよう！","「居住モジュール設置支援」　資材集積中","次は、居住モジュールを建設するッス！<hex:02100103>資材調達のため、コスモミッションにご協力くださいッス！","居住モジュール建設のため、一緒に資材を集めてほしいッスよー！","サーチングウェイ",2,False,168,6,0,241039,0,0,0,0,2,3,4,0,0,0,0,0,0,0,0,0
73,"「居住モジュール設置支援」　共同施工作業準備中<hex:02100103><hex:024804F2023B03><hex:024904F2023C03>共同施工作業の開始に備えよう！","「居住モジュール設置支援」　共同施工作業準備中","居住モジュール建設のための共同施工作業の開催時刻が決まったッス！<hex:02100103>開催時には、ぜひぜひ協力してほしいッスー！","居住モジュール建設のための共同施工作業の開催時刻が決まったッス！　協力してほしいッスー！","サーチングウェイ",2,False,168,6,0,241039,1451,0,0,0,2,3,4,0,0,0,0,0,0,0,0,0
74,"「居住モジュール設置支援」　共同施工作業実施中<hex:02100103><hex:024804F2023B03><hex:024904F2023C03>共同施工作業に参加しよう！","「居住モジュール設置支援」　共同施工作業実施中","居住モジュール建設のための、共同施工作業を開催中ッス！<hex:02100103>ぜひぜひ参加してほしいッスー！","居住モジュール建設のための、共同施工作業を開催中ッス！　ぜひぜひ参加してほしいッスー！","サーチングウェイ",2,False,168,6,0,241039,0,0,0,0,2,3,4,0,0,0,0,0,0,0,0,0
75,"「居住モジュール」　完工<hex:02100103><hex:024804F2023B03><hex:024904F2023C03>次の作業を計画中、自由に過ごそう！","「居住モジュール」　完工","居住モジュールが建設されたッス！<hex:02100103>基地で過ごすみんなにとっても役立つはずッス、ご協力ありがとうッスよー！","居住モジュールが建設されたッス！　ご協力、ありがとうッスよー！","サーチングウェイ",3,False,168,7,0,241040,1402,126,2,5,2,3,4,0,0,0,0,0,0,0,0,0
76,"発雷所、給水所　建設資材集積中<hex:02100103> <hex:024804F2023B03><hex:024904F2023C03>コスモミッションに参加して資材を集めよう！","発雷所、給水所　建設資材集積中","発雷所や給水所などの、インフラ施設を建設するッス！<hex:02100103>資材調達のため、コスモミッションにご協力くださいッス！","発雷所や給水所などの、インフラ施設を建設するッス！　一緒に資材を集めてほしいッスよー！","サーチングウェイ",3,False,168,8,0,241041,0,0,0,0,2,3,4,0,0,0,0,0,0,0,0,0
77,"「エネルギー設備建設支援」　共同施工作業準備中<hex:02100103><hex:024804F2023B03><hex:024904F2023C03>共同施工作業の開始に備えよう！","「エネルギー設備建設支援」　共同施工作業準備中","発雷所建設のための共同施工作業の開催時刻が決まったッス！<hex:02100103>開催時には、ぜひぜひ協力してほしいッスー！","発雷所建設のための共同施工作業の開催時刻が決まったッス！　協力してほしいッスー！","サーチングウェイ",3,False,168,8,0,241041,1451,0,0,0,2,3,4,0,0,0,0,0,0,0,0,0
78,"「エネルギー設備建設支援」　共同施工作業実施中<hex:02100103><hex:024804F2023B03><hex:024904F2023C03>共同施工作業に参加しよう！","「エネルギー設備建設支援」　共同施工作業実施中","発雷所建設のための、共同施工作業を開催中ッス！<hex:02100103>ぜひぜひ参加してほしいッスー！","発雷所建設のための、共同施工作業を開催中ッス！　ぜひぜひ参加してほしいッスー！","サーチングウェイ",3,False,168,8,0,241041,0,0,0,0,2,3,4,0,0,0,0,0,0,0,0,0
79,"「給水設備建設支援」　共同施工作業準備中<hex:02100103><hex:024804F2023B03><hex:024904F2023C03>共同施工作業の開始に備えよう！","「給水設備建設支援」　共同施工作業準備中","給水所建設のための共同施工作業の開催時刻が決まったッス！<hex:02100103>開催時には、ぜひぜひ協力してほしいッスー！","給水所建設のための共同施工作業の開催時刻が決まったッス！　協力してほしいッスー！","サーチングウェイ",4,False,168,9,0,241042,1401,126,3,5,2,3,4,0,0,0,0,0,0,0,0,0
80,"「給水設備建設支援」　共同施工作業実施中<hex:02100103><hex:024804F2023B03><hex:024904F2023C03>共同施工作業に参加しよう！","「給水設備建設支援」　共同施工作業実施中","給水所建設のための、共同施工作業を開催中ッス！<hex:02100103>ぜひぜひ参加してほしいッスー！","給水所建設のための、共同施工作業を開催中ッス！　ぜひぜひ参加してほしいッスー！","サーチングウェイ",4,False,168,9,0,241042,0,0,0,0,2,3,4,0,0,0,0,0,0,0,0,0
81,"発雷所、給水所　完工<hex:02100103><hex:024804F2023B03><hex:024904F2023C03>次の作業を計画中、自由に過ごそう！","発雷所、給水所　完工","いろんなインフラ施設が完成したッス！<hex:02100103>エネルギーや水の心配がグッと少なくなったはずッス、ご協力ありがとうッスよー！","いろんなインフラ施設が完成したッス！　ご協力、ありがとうッスよー！","サーチングウェイ",5,False,168,10,0,241043,1402,126,4,5,2,3,4,0,0,0,0,0,0,0,0,0
82,"「第一次ハンガー拡張計画」　資材集積中<hex:02100103><hex:024804F2023B03><hex:024904F2023C03>コスモミッションに参加して資材を集めよう！","「第一次ハンガー拡張計画」　資材集積中","ローダーハンガーを改築するッス！<hex:02100103>資材調達のため、コスモミッションにご協力くださいッス！","ローダーハンガーを改築するッス！　一緒に資材を集めてほしいッスよー！","サーチングウェイ",5,False,168,11,0,241044,0,0,0,0,2,3,4,0,0,0,0,0,0,0,0,0
83,"「第一次ハンガー拡張計画」　共同施工作業準備中<hex:02100103> <hex:024804F2023B03><hex:024904F2023C03>共同施工作業の開始に備えよう！","「第一次ハンガー拡張計画」　共同施工作業準備中","ローダーハンガー改築のための共同施工作業の開催時刻が決まったッス！<hex:02100103>開催時には、ぜひぜひ協力してほしいッスー！","ローダーハンガー改築のための共同施工作業の開催時刻が決まったッス！　協力してほしいッスー！","サーチングウェイ",5,False,168,11,0,241044,1451,0,0,0,2,3,4,0,0,0,0,0,0,0,0,0
84,"「第一次ハンガー拡張計画」　共同施工作業実施中<hex:02100103><hex:024804F2023B03><hex:024904F2023C03>共同施工作業に参加しよう！","「第一次ハンガー拡張計画」　共同施工作業実施中","ローダーハンガー改築のための共同施工作業を開催中ッス！<hex:02100103>ぜひぜひ参加してほしいッスー！","ローダーハンガー改築のための共同施工作業を開催中ッス！　ぜひぜひ参加してほしいッスー！","サーチングウェイ",5,False,168,11,0,241044,0,0,0,0,2,3,4,0,0,0,0,0,0,0,0,0
85,"「ローダーハンガーII」　改装完了<hex:02100103><hex:024804F2023B03><hex:024904F2023C03>次の作業を計画中、自由に過ごそう！","「ローダーハンガーII」　改装完了","ローダーハンガーが改築されたッス！<hex:02100103>これでローダーもますます活躍してくはず……ご協力、ありがとうッスよー！","ローダーハンガーが改築されたッス！　ご協力、ありがとうッスよー！","サーチングウェイ",6,False,168,12,0,241045,1402,126,5,5,2,3,4,0,0,0,0,0,0,0,0,0
86,"「第二次コスモライナー敷設計画」　資材集積中<hex:02100103><hex:024804F2023B03><hex:024904F2023C03>コスモミッションに参加して資材を集めよう！","「第二次コスモライナー敷設計画」　資材集積中","北西部から南部にかけてのコスモライナーを敷設するッス！<hex:02100103>資材調達のため、コスモミッションにご協力くださいッス！","北西部から南部にかけてのコスモライナーを敷設するッス！　一緒に資材を集めてほしいッスよー！","サーチングウェイ",6,False,168,13,0,241046,0,0,0,0,2,3,4,0,0,0,0,0,0,0,0,0
87,"「第二次コスモライナー敷設計画」　敷設中<hex:02100103><hex:024804F2023B03><hex:024904F2023C03>コスモライナーの完成を待とう！","「第二次コスモライナー敷設計画」　敷設中","北西部から南部にかけてのコスモライナー敷設の、完工予定時刻が決まったッス！<hex:02100103>完工したらもっと便利になるから、もう少し待っててほしいッスー！","北西部から南部にかけてのコスモライナー敷設の、完工予定時刻が決まったッス！","サーチングウェイ",6,False,168,13,0,241046,1452,0,0,0,2,3,4,0,0,0,0,0,0,0,0,0
88,"「コスモライナー：平野部」　敷設完了<hex:02100103><hex:024804F2023B03><hex:024904F2023C03>次の作業を計画中、自由に過ごそう！","「コスモライナー：平野部」　敷設完了","北西部から南部にかけてのコスモライナーが敷設されたッス！<hex:02100103>遠くへの探索が捗るはずッスね、ご協力ありがとうッスよー！","北西部から南部にかけてのコスモライナーが敷設されたッス！　ご協力、ありがとうッスよー！","サーチングウェイ",7,False,168,14,0,241047,1480,126,6,6,2,3,4,5,6,7,0,0,0,0,0,0
89,"「降下クレーン建設工事」　資材集積中<hex:02100103><hex:024804F2023B03><hex:024904F2023C03>コスモミッションに参加して資材を集めよう！","「降下クレーン建設工事」　資材集積中","カプセル・カズムの谷底に降りるためのクレーンを建設するッス！<hex:02100103>資材調達のため、コスモミッションにご協力くださいッス！","カプセル・カズムの谷底に降りるためのクレーンを建設するッス！　一緒に資材を集めてほしいッスよー！","サーチングウェイ",7,False,168,15,0,241048,0,0,0,0,2,3,4,5,6,7,0,0,0,0,0,0
90,"「第一次降下クレーン建設工事」　共同施工作業準備中<hex:02100103><hex:024804F2023B03><hex:024904F2023C03>共同施工作業の開始に備えよう！","「第一次降下クレーン建設工事」　共同施工作業準備中","クレーン建設工事のための、第一回共同施工作業の開催時刻が決まったッス！<hex:02100103>開催時には、ぜひぜひ協力してほしいッスー！","クレーン建設工事のための、第一回共同施工作業の開催時刻が決まったッス！　協力してほしいッスー！","サーチングウェイ",7,False,168,15,0,241048,1451,0,0,0,2,3,4,5,6,7,0,0,0,0,0,0
91,"「第一次降下クレーン建設工事」　共同施工作業実施中<hex:02100103><hex:024804F2023B03><hex:024904F2023C03>共同施工作業に参加しよう！","「第一次降下クレーン建設工事」　共同施工作業実施中","クレーン建設工事のための、第一回共同施工作業を開催中ッス！<hex:02100103>ぜひぜひ参加してほしいッスー！","クレーン建設工事のための、第一回共同施工作業を開催中ッス！　ぜひぜひ参加してほしいッスー！","サーチングウェイ",7,False,168,15,0,241048,0,0,0,0,2,3,4,5,6,7,0,0,0,0,0,0
92,"「第二次降下クレーン建設工事」　共同施工作業準備中<hex:02100103><hex:024804F2023B03><hex:024904F2023C03>共同施工作業の開始に備えよう！","「第二次降下クレーン建設工事」　共同施工作業準備中","クレーン建設工事のための、第二回共同施工作業の開催時刻が決まったッス！<hex:02100103>開催時には、ぜひぜひ協力してほしいッスー！","クレーン建設工事のための、第二回共同施工作業の開催時刻が決まったッス！　協力してほしいッスー！","サーチングウェイ",8,False,168,16,0,241049,1401,126,7,5,2,3,4,5,6,7,0,0,0,0,0,0
93,"「第二次降下クレーン建設工事」　共同施工作業実施中<hex:02100103><hex:024804F2023B03><hex:024904F2023C03>共同施工作業に参加しよう！","「第二次降下クレーン建設工事」　共同施工作業実施中","クレーン建設工事のための、第二回共同施工作業を開催中ッス！<hex:02100103>ぜひぜひ参加してほしいッスー！","クレーン建設工事のための、第二回共同施工作業を開催中ッス！　ぜひぜひ参加してほしいッスー！","サーチングウェイ",8,False,168,16,0,241049,0,0,0,0,2,3,4,5,6,7,0,0,0,0,0,0
94,"「アプリカシオン・クレーン」　完工<hex:02100103><hex:024804F2023B03><hex:024904F2023C03>次の作業を計画中、自由に過ごそう！","「アプリカシオン・クレーン」　完工","アプリカシオン・クレーンが完成したッス！<hex:02100103>これで大穴の深くへの探索が捗るはずッス、ご協力ありがとうッスよー！","アプリカシオン・クレーンが完成したッス！　ご協力、ありがとうッスよー！","サーチングウェイ",9,False,168,17,0,241050,1481,126,8,6,2,3,4,5,6,7,0,0,0,0,0,0
95,"「第三次コスモライナー敷設計画」　資材集積中<hex:02100103><hex:024804F2023B03><hex:024904F2023C03>コスモミッションに参加して資材を集めよう！","「第三次コスモライナー敷設計画」　資材集積中","カプセル・カズムの谷底に、コスモライナーを敷設するッス！<hex:02100103>一緒に資材を集めてほしいッスよー！","カプセル・カズムの谷底に、コスモライナーを敷設するッス！　一緒に資材を集めてほしいッスよー！","サーチングウェイ",9,False,168,18,0,241051,0,0,0,0,2,3,4,5,6,7,0,0,0,0,0,0
96,"「第三次コスモライナー敷設計画」　敷設中<hex:02100103><hex:024804F2023B03><hex:024904F2023C03>コスモライナーの完成を待とう！","「第三次コスモライナー敷設計画」　敷設中","カプセル・カズムの谷底へのコスモライナー敷設の、完工予定時刻が決まったッス！<hex:02100103>完工したらもっと便利になるから、もう少し待っててほしいッスー！","カプセル・カズムの谷底へのコスモライナー敷設の、完工予定時刻が決まったッス！","サーチングウェイ",9,False,168,18,0,241051,1452,0,0,0,2,3,4,5,6,7,0,0,0,0,0,0
97,"「コスモライナー：瀑布部」　敷設完了<hex:02100103><hex:024804F2023B03><hex:024904F2023C03>次の作業を計画中、自由に過ごそう！","「コスモライナー：瀑布部」　敷設完了","カプセル・カズムの谷底のエリアにコスモライナーが敷設されたッス！<hex:02100103>これで大穴の内部での探索が捗るはずッス、ご協力ありがとうッスよー！","カプセル・カズムの谷底のエリアにコスモライナーが敷設されたッス！　ご協力、ありがとうッスよー！","サーチングウェイ",10,False,168,19,0,241052,1482,126,9,6,2,3,4,5,6,7,0,0,0,0,0,0
98,"「第二次基地拡張計画」　資材集積中<hex:02100103><hex:024804F2023B03><hex:024904F2023C03>コスモミッションに参加して資材を集めよう！","「第二次基地拡張計画」　資材集積中","グラスブロワーズ基地の、さらなる拡張をするッス！<hex:02100103>資材調達のため、コスモミッションにご協力くださいッス！","グラスブロワーズ基地の、さらなる拡張をするッス！　一緒に資材を集めてほしいッスよー！","サーチングウェイ",10,False,168,20,0,241053,0,0,0,0,2,3,4,5,6,7,0,0,0,0,0,0
99,"「第二次基地拡張計画」　共同施工作業準備中<hex:02100103><hex:024804F2023B03><hex:024904F2023C03>共同施工作業の開始に備えよう！","「第二次基地拡張計画」　共同施工作業準備中","基地のさらなる拡張のための、共同施工作業の開催時刻が決まったッス！<hex:02100103>開催時には、ぜひぜひ協力してほしいッスー！","基地のさらなる拡張のための、共同施工作業の開催時刻が決まったッス！　協力してほしいッスー！","サーチングウェイ",10,False,168,20,0,241053,1451,0,0,0,2,3,4,5,6,7,0,0,0,0,0,0
100,"「第二次基地拡張計画」　共同施工作業実施中<hex:02100103><hex:024804F2023B03><hex:024904F2023C03>共同施工作業に参加しよう！","「第二次基地拡張計画」　共同施工作業実施中","グラスブロワーズ基地のさらなる拡張のための、共同施工作業を開催中ッス！<hex:02100103>ぜひぜひ参加してほしいッスー！","グラスブロワーズ基地のさらなる拡張のための、共同施工作業を開催中ッス！　ぜひぜひ参加してほしいッスー！","サーチングウェイ",10,False,168,20,0,241053,0,0,0,0,2,3,4,5,6,7,0,0,0,0,0,0
101,"グラスブロワーズ基地「ベースキャンプIII」　完工<hex:02100103><hex:024804F2023B03><hex:024904F2023C03>次の作業を計画中、自由に過ごそう！","グラスブロワーズ基地「ベースキャンプIII」　完工","グラスブロワーズ基地がさらにいい感じに拡張されたッス！<hex:02100103>探索活動がさらに捗るはずッスね、ご協力ありがとうッスよー！","グラスブロワーズ基地がさらにいい感じに拡張されたッス！　ご協力、ありがとうッスよー！","サーチングウェイ",11,False,168,21,0,241054,1483,126,10,6,1,3,4,5,6,7,0,0,0,0,0,0
102,"「第二次ハンガー拡張計画」　資材集積中<hex:02100103><hex:024804F2023B03><hex:024904F2023C03>コスモミッションに参加して資材を集めよう！","「第二次ハンガー拡張計画」　資材集積中","ローダーハンガーを改築するッス！<hex:02100103>資材調達のため、コスモミッションにご協力くださいッス！","ローダーハンガーを改築するッス！　一緒に資材を集めてほしいッスよー！","サーチングウェイ",11,False,168,22,0,241055,0,0,0,0,1,3,4,5,6,7,0,0,0,0,0,0
103,"「第二次ハンガー拡張計画」　共同施工作業準備中<hex:02100103><hex:024804F2023B03><hex:024904F2023C03>共同施工作業の開始に備えよう！","「第二次ハンガー拡張計画」　共同施工作業準備中","ローダーハンガー改築のための共同施工作業の開催時刻が決まったッス！<hex:02100103>開催時には、ぜひぜひ協力してほしいッスー！","ローダーハンガー改築のための共同施工作業の開催時刻が決まったッス！　協力してほしいッスー！","サーチングウェイ",11,False,168,22,0,241055,1451,0,0,0,1,3,4,5,6,7,0,0,0,0,0,0
104,"「第二次ハンガー拡張計画」　共同施工作業実施中<hex:02100103><hex:024804F2023B03><hex:024904F2023C03>共同施工作業に参加しよう！","「第二次ハンガー拡張計画」　共同施工作業実施中","ローダーハンガー改築のための共同施工作業を開催中ッス！<hex:02100103>ぜひぜひ参加してほしいッスー！","ローダーハンガー改築のための共同施工作業を開催中ッス！　ぜひぜひ参加してほしいッスー！","サーチングウェイ",11,False,168,22,0,241055,0,0,0,0,1,3,4,5,6,7,0,0,0,0,0,0
105,"「ローダーハンガーIII」　改装完了<hex:02100103><hex:024804F2023B03><hex:024904F2023C03>次の作業を計画中、自由に過ごそう！","「ローダーハンガーIII」　改装完了","ローダーハンガーが改築されたッス！<hex:02100103>これでローダーもさらに活躍してくはず……ご協力、ありがとうッスよー！","ローダーハンガーが改築されたッス！　ご協力、ありがとうッスよー！","サーチングウェイ",12,False,168,23,0,241056,1402,126,11,5,1,3,4,5,6,7,0,0,0,0,0,0
106,"「コスモポート整備支援」　資材集積中<hex:02100103><hex:024804F2023B03><hex:024904F2023C03>コスモミッションに参加して資材を集めよう！","「コスモポート整備支援」　資材集積中","コスモポートを改築するッス！<hex:02100103>資材調達のため、コスモミッションにご協力くださいッス！","コスモポートを改築するッス！　一緒に資材を集めてほしいッスよー！","サーチングウェイ",12,False,168,24,0,241057,0,0,0,0,1,3,4,5,6,7,0,0,0,0,0,0
107,"「コスモポート整備支援」　共同施工作業準備中<hex:02100103><hex:024804F2023B03><hex:024904F2023C03>共同施工作業の開始に備えよう！","「コスモポート整備支援」　共同施工作業準備中","コスモポート改築のための共同施工作業の開催時刻が決まったッス！<hex:02100103>開催時には、ぜひぜひ協力してほしいッスー！","コスモポート改築のための共同施工作業の開催時刻が決まったッス！　協力してほしいッスー！","サーチングウェイ",12,False,168,24,0,241057,1451,0,0,0,1,3,4,5,6,7,0,0,0,0,0,0
108,"「コスモポート整備支援」　共同施工作業実施中<hex:02100103><hex:024804F2023B03><hex:024904F2023C03>共同施工作業に参加しよう！","「コスモポート整備支援」　共同施工作業実施中","コスモポート改築のための共同施工作業を開催中ッス！<hex:02100103>ぜひぜひ参加してほしいッスー！","コスモポート改築のための共同施工作業を開催中ッス！　ぜひぜひ参加してほしいッスー！","サーチングウェイ",12,False,168,24,0,241057,0,0,0,0,1,3,4,5,6,7,0,0,0,0,0,0
109,"「コスモポートII」　改装完了<hex:02100103><hex:024804F2023B03><hex:024904F2023C03>次の作業を計画中、自由に過ごそう！","「コスモポートII」　改装完了","コスモポートが改築されたッス！<hex:02100103>これでさらに遠くの星だって目指せるはず……ご協力ありがとうッスよー！","コスモポートが改築されたッス！　ご協力、ありがとうッスよー！","サーチングウェイ",13,False,168,25,0,241058,1402,126,12,5,1,3,4,5,6,7,0,0,0,0,0,0
110,"「エネルギー集積施設工事」　資材集積中<hex:02100103><hex:024804F2023B03><hex:024904F2023C03>コスモミッションに参加して資材を集めよう！","「エネルギー集積施設工事」　資材集積中","エネルギー集積施設を建設するッスよ！<hex:02100103>資材調達のため、コスモミッションにご協力くださいッス！","エネルギー集積施設建設のため、一緒に資材を集めてほしいッスよー！","サーチングウェイ",13,False,168,26,0,241059,0,0,0,0,1,3,4,5,6,7,0,0,0,0,0,0
111,"「第一次エネルギー集積施設工事」　共同施工作業準備中<hex:02100103><hex:024804F2023B03><hex:024904F2023C03>共同施工作業の開始に備えよう！","「第一次エネルギー集積施設工事」　共同施工作業準備中","エネルギー集積施設建設のための、第一回共同施工作業の開催時刻が決まったッス！<hex:02100103>開催時には、ぜひぜひ協力してほしいッスー！","エネルギー集積施設建設のための、第一回共同施工作業の開催時刻が決まったッス！　協力してほしいッスー！","サーチングウェイ",13,False,168,26,0,241059,1451,0,0,0,1,3,4,5,6,7,0,0,0,0,0,0
112,"「第一次エネルギー集積施設工事」　共同施工作業実施中<hex:02100103><hex:024804F2023B03><hex:024904F2023C03>共同施工作業に参加しよう！","「第一次エネルギー集積施設工事」　共同施工作業実施中","エネルギー集積施設建設のための、第一回共同施工作業を開催中ッス！<hex:02100103>ぜひぜひ参加してほしいッスー！","エネルギー集積施設建設のための、第一回共同施工作業を開催中ッス！　ぜひぜひ参加してほしいッスー！","サーチングウェイ",13,False,168,26,0,241059,0,0,0,0,1,3,4,5,6,7,0,0,0,0,0,0
113,"「第二次エネルギー集積施設工事」　共同施工作業準備中<hex:02100103><hex:024804F2023B03><hex:024904F2023C03>共同施工作業の開始に備えよう！","「第二次エネルギー集積施設工事」　共同施工作業準備中","エネルギー集積施設建設のための、第二回共同施工作業の開催時刻が決まったッス！<hex:02100103>開催時には、ぜひぜひ協力してほしいッスー！","エネルギー集積施設建設のための、第二回共同施工作業の開催時刻が決まったッス！　協力してほしいッスー！","サーチングウェイ",14,False,168,27,0,241060,1401,126,13,5,1,3,4,5,6,7,0,0,0,0,0,0
114,"「第二次エネルギー集積施設工事」　共同施工作業実施中<hex:02100103><hex:024804F2023B03><hex:024904F2023C03>共同施工作業に参加しよう！","「第二次エネルギー集積施設工事」　共同施工作業実施中","エネルギー集積施設建設のための、第二回共同施工作業を開催中ッス！<hex:02100103>ぜひぜひ参加してほしいッスー！","エネルギー集積施設建設のための、第二回共同施工作業を開催中ッス！　ぜひぜひ参加してほしいッスー！","サーチングウェイ",14,False,168,27,0,241060,0,0,0,0,1,3,4,5,6,7,0,0,0,0,0,0
115,"「メガパワーパネル」　完工<hex:02100103><hex:024804F2023B03><hex:024904F2023C03>次の作業を計画中、自由に過ごそう！","「メガパワーパネル」　完工","二基のメガパワーパネルが建設されたッス！<hex:02100103>探索に使えるエネルギーもますます充実するッス、ご協力、ありがとうッスよー！","二基のメガパワーパネルが建設されたッス！　ご協力、ありがとうッスよー！","サーチングウェイ",15,False,168,28,0,241061,1402,126,14,5,1,3,4,5,6,7,0,0,0,0,0,0
116,"「冷却ドローン拠点建設工事」　資材集積中<hex:02100103><hex:024804F2023B03><hex:024904F2023C03>コスモミッションに参加して資材を集めよう！","「冷却ドローン拠点建設工事」　資材集積中","探索エリア拡大のために、溶融ガラス冷却ドローンの拠点を建設するッス！<hex:02100103>資材調達のため、コスモミッションにご協力くださいッス！","探索エリア拡大のために、溶融ガラス冷却ドローンの拠点を建設するッス！　一緒に資材を集めてほしいッスよー！","サーチングウェイ",15,False,168,29,0,241062,0,0,0,0,1,3,4,5,6,7,0,0,0,0,0,0
117,"「冷却ドローン拠点建設工事」　共同施工作業準備中<hex:02100103><hex:024804F2023B03><hex:024904F2023C03>共同施工作業の開始に備えよう！","「冷却ドローン拠点建設工事」　共同施工作業準備中","冷却ドローン拠点建設のための、共同施工作業の開催時刻が決まったッス！<hex:02100103>開催時には、ぜひぜひ協力してほしいッスー！","冷却ドローン拠点建設のための、共同施工作業の開催時刻が決まったッス！　協力してほしいッスー！","サーチングウェイ",15,False,168,29,0,241062,1451,0,0,0,1,3,4,5,6,7,0,0,0,0,0,0
118,"「冷却ドローン拠点建設工事」　共同施工作業実施中<hex:02100103><hex:024804F2023B03><hex:024904F2023C03>共同施工作業に参加しよう！","「冷却ドローン拠点建設工事」　共同施工作業実施中","冷却ドローン拠点建設のための、共同施工作業を開催中ッス！<hex:02100103>ぜひぜひ参加してほしいッスー！","冷却ドローン拠点建設のための、共同施工作業を開催中ッス！　ぜひぜひ参加してほしいッスー！","サーチングウェイ",15,False,168,29,0,241062,0,0,0,0,1,3,4,5,6,7,0,0,0,0,0,0
119,"「第一次溶融ガラス冷却作戦」　遂行準備中<hex:02100103><hex:024804F2023B03><hex:024904F2023C03>共同施工作業の開始に備えよう！","「第一次溶融ガラス冷却作戦」　遂行準備中","溶融ガラス冷却作戦のための、第一回共同施工作業の開催時刻が決まったッス！<hex:02100103>開催時には、ぜひぜひ協力してほしいッスー！","溶融ガラス冷却作戦のための、第一回共同施工作業の開催時刻が決まったッス！　協力してほしいッスー！","サーチングウェイ",16,False,168,30,0,241063,1401,126,15,5,1,3,4,5,6,7,0,0,0,0,0,0
120,"「第一次溶融ガラス冷却作戦」　遂行中<hex:02100103><hex:024804F2023B03><hex:024904F2023C03>共同施工作業に参加しよう！","「第一次溶融ガラス冷却作戦」　遂行中","溶融ガラス冷却作戦のための、第一回共同施工作業を開催中ッス！<hex:02100103>ぜひぜひ参加してほしいッスー！","溶融ガラス冷却作戦のための、第一回共同施工作業を開催中ッス！　ぜひぜひ参加してほしいッスー！","サーチングウェイ",16,False,168,30,0,241063,0,0,0,0,1,3,4,5,6,7,0,0,0,0,0,0
121,"「第二次溶融ガラス冷却作戦」　遂行準備中<hex:02100103><hex:024804F2023B03><hex:024904F2023C03>共同施工作業の開始に備えよう！","「第二次溶融ガラス冷却作戦」　遂行準備中","溶融ガラス冷却作戦のための、第二回共同施工作業の開催時刻が決まったッス！<hex:02100103>開催時には、ぜひぜひ協力してほしいッスー！","溶融ガラス冷却作戦のための、第二回共同施工作業の開催時刻が決まったッス！　協力してほしいッスー！","サーチングウェイ",17,False,168,31,0,241064,1401,126,16,5,1,3,4,5,6,7,0,0,0,0,0,0
122,"「第二次溶融ガラス冷却作戦」　遂行中<hex:02100103><hex:024804F2023B03><hex:024904F2023C03>共同施工作業に参加しよう！","「第二次溶融ガラス冷却作戦」　遂行中","溶融ガラス冷却作戦のための、第二回共同施工作業を開催中ッス！<hex:02100103>ぜひぜひ参加してほしいッスー！","溶融ガラス冷却作戦のための、第二回共同施工作業を開催中ッス！　ぜひぜひ参加してほしいッスー！","サーチングウェイ",17,False,168,31,0,241064,0,0,0,0,1,3,4,5,6,7,0,0,0,0,0,0
123,"「溶融ガラス冷却作戦」　完遂<hex:02100103><hex:024804F2023B03><hex:024904F2023C03>次の作業を計画中、自由に過ごそう！","「溶融ガラス冷却作戦」　完遂","溶融ガラスが冷え固まって、探索可能エリアが拡大したッス！<hex:02100103>惑星パエンナの探索がますます捗るはずッス、ご協力ありがとうッスよー！","溶融ガラスが冷え固まって、探索可能エリアが拡大したッス！　ご協力、ありがとうッスよー！","サーチングウェイ",18,False,168,32,0,241065,1484,126,17,6,1,3,4,5,6,7,0,0,0,0,0,0
124,"「第四次コスモライナー敷設計画」　資材集積中<hex:02100103><hex:024804F2023B03><hex:024904F2023C03>コスモミッションに参加して資材を集めよう！","「第四次コスモライナー敷設計画」　資材集積中","フュージングウェイ・ヴェントへのコスモライナーを敷設するッス！<hex:02100103>一緒に資材を集めてほしいッスよー！","フュージングウェイ・ヴェントへのコスモライナーを敷設するッス！　一緒に資材を集めてほしいッスよー！","サーチングウェイ",18,False,168,33,0,241066,0,0,0,0,1,3,4,5,6,7,0,0,0,0,0,0
125,"「第四次コスモライナー敷設計画」　敷設中<hex:02100103><hex:024804F2023B03><hex:024904F2023C03>コスモライナーの完成を待とう！","「第四次コスモライナー敷設計画」　敷設中","フュージングウェイ・ヴェントへのコスモライナー敷設の、完工予定時刻が決まったッス！<hex:02100103>完工したらもっと便利になるから、もう少し待っててほしいッスー！","フュージングウェイ・ヴェントへのコスモライナー敷設の、完工予定時刻が決まったッス！","サーチングウェイ",18,False,168,33,0,241066,1452,0,0,0,1,3,4,5,6,7,0,0,0,0,0,0
126,"「コスモライナー：火口部」　敷設完了<hex:02100103><hex:024804F2023B03><hex:024904F2023C03>次の作業を計画中、自由に過ごそう！","「コスモライナー：火口部」　敷設完了","フュージングウェイ・ヴェントにコスモライナーが敷設されたッス！<hex:02100103>これで火口の近くまですぐに行けるようになったッス、ご協力ありがとうッスよー！","フュージングウェイ・ヴェントにコスモライナーが敷設されたッス！　ご協力、ありがとうッスよー！","サーチングウェイ",19,False,168,34,0,241067,1485,126,18,6,1,3,4,5,6,7,0,0,0,0,0,0
127,"「基地総合設備拡張工事」　資材集積中<hex:02100103><hex:024804F2023B03><hex:024904F2023C03>コスモミッションに参加して資材を集めよう！","「基地総合設備拡張工事」　資材集積中","グラスブロワーズ基地のすんごい拡張をするッス！<hex:02100103>一緒に資材を集めてほしいッスよー！","グラスブロワーズ基地のすんごい拡張をするッス！　一緒に資材を集めてほしいッスよー！","サーチングウェイ",19,False,168,35,0,241068,0,0,0,0,1,3,4,5,6,7,0,0,0,0,0,0
128,"「基地総合設備拡張工事」　共同施工作業準備中<hex:02100103><hex:024804F2023B03><hex:024904F2023C03>共同施工作業の開始に備えよう！","「基地総合設備拡張工事」　共同施工作業準備中","基地のすんごい拡張のための、共同施工作業の開催時刻が決まったッス！<hex:02100103>開催時には、ぜひぜひ協力してほしいッスー！","基地のすんごい拡張のための、共同施工作業の開催時刻が決まったッス！　協力してほしいッスー！","サーチングウェイ",19,False,168,35,0,241068,1451,0,0,0,1,3,4,5,6,7,0,0,0,0,0,0
129,"「基地総合設備拡張工事」　共同施工作業実施中<hex:02100103><hex:024804F2023B03><hex:024904F2023C03>共同施工作業に参加しよう！","「基地総合設備拡張工事」　共同施工作業実施中","グラスブロワーズ基地のすんごい拡張のための、共同施工作業を開催中ッス！<hex:02100103>ぜひぜひ参加してほしいッスー！","グラスブロワーズ基地のすんごい拡張のための、共同施工作業を開催中ッス！　ぜひぜひ参加してほしいッスー！","サーチングウェイ",19,False,168,35,0,241068,0,0,0,0,1,3,4,5,6,7,0,0,0,0,0,0
130,"グラスブロワーズ基地「パエンナ・ステラスコープ」　完工<hex:02100103><hex:024804F2023B03><hex:024904F2023C03>星々に想いを馳せながら、自由に過ごそう！","グラスブロワーズ基地「パエンナ・ステラスコープ」　完工","グラスブロワーズ基地がすんごく拡張されたッス！<hex:02100103>この惑星パエンナでの基地も立派になったッスね～、ご協力ありがとうッスよー！","グラスブロワーズ基地がすんごく拡張されたッス！　ご協力、ありがとうッスよー！","サーチングウェイ",20,False,168,36,0,241069,1486,126,19,6,1,3,4,5,6,7,0,0,0,0,0,0
131,"「惑星パエンナ探索計画」　完了<hex:02100103><hex:024804F2023B03><hex:024904F2023C03>星々に想いを馳せながら、自由に過ごそう！","「惑星パエンナ探索計画」　完了","協力してくれたみんなのおかげで、惑星パエンナの全施設が完成したッス！<hex:02100103>次に旅立つ星を探してるッス、これまでのご協力ありがとうッスよー！！","協力してくれたみんなのおかげで、惑星パエンナの全施設が完成したッス！　ありがとうッスよー！！","サーチングウェイ",20,False,168,37,0,241070,0,0,0,0,1,3,4,5,6,7,0,0,0,0,0,0
132,"「居住モジュール設置支援」　資材集積中<hex:02100103><hex:024804F2023B03><hex:024904F2023C03>コスモミッションに参加して資材を集めよう！","「居住モジュール設置支援」　資材集積中","基地で過ごすみんなの居住モジュールを建てて、<hex:02100103>活動を支援する計画が進行中ッスよー！","基地で過ごすみんなの居住モジュールを建てて、活動を支援するッス！","サーチングウェイ",0,False,170,1,0,241072,0,0,0,5,1,0,0,0,0,0,0,0,0,0,0,0
133,"「居住モジュール設置支援」　共同施工作業準備中<hex:02100103><hex:024804F2023B03><hex:024904F2023C03>開始時刻までに着工予定地に集まろう！","「居住モジュール設置支援」　共同施工作業準備中","共同施工作業「居住モジュール設置支援」の着工時刻が決まったッス！<hex:02100103>実施時には、ぜひぜひ協力してほしいッスー！","共同施工作業「居住モジュール設置支援」の着工時刻が決まったッス！　協力してほしいッスー！","サーチングウェイ",0,False,170,1,0,241072,1451,166,1,5,1,0,0,0,0,0,0,0,0,0,0,0
134,"「居住モジュール設置支援」　共同施工作業実施中<hex:02100103><hex:024804F2023B03><hex:024904F2023C03>テラ・ファーマ基地の北へ行き、参加しよう！","「居住モジュール設置支援」　共同施工作業実施中","共同施工作業「居住モジュール設置支援」を実施中ッス！<hex:02100103>ぜひぜひ参加してほしいッスー！","共同施工作業「居住モジュール設置支援」を実施中ッス！　ぜひぜひ参加してほしいッスー！","サーチングウェイ",0,False,170,2,0,241072,0,0,0,0,1,0,0,0,0,0,0,0,0,0,0,0
135,"「居住モジュール」　完工<hex:02100103><hex:024804F2023B03><hex:024904F2023C03>次の作業を計画中、自由に過ごそう！","「居住モジュール」　完工","基地で過ごすみんなの居住モジュールができたッス！<hex:02100103>探索・研究活動も捗るはず……ご協力、ありがとうッスよー！","基地で過ごすみんなの居住モジュールができたッス！　ご協力、ありがとうッスよー！","サーチングウェイ",1,False,170,3,0,241073,1575,166,3,6,1,0,0,0,0,0,0,0,0,0,0,7
136,"「第一次コスモライナー敷設支援」　資材集積中<hex:02100103><hex:024804F2023B03><hex:024904F2023C03>コスモミッションに参加して資材を集めよう！","「第一次コスモライナー敷設支援」　資材集積中","中央平野にコスモライナーを敷設するッス！<hex:02100103>資材調達のため、コスモミッションにご協力くださいッス！","中央平野にコスモライナーを敷設するッス！　一緒に資材を集めてほしいッスよー！","サーチングウェイ",1,False,170,4,0,241074,0,166,4,5,1,0,0,0,0,0,0,0,0,0,0,0
137,"「第一次コスモライナー」　敷設中<hex:02100103><hex:024804F2023B03><hex:024904F2023C03>コスモライナーの完成を待とう！","「第一次コスモライナー」　敷設中","中央平野にコスモライナーを敷設中ッス！<hex:02100103>完工したらもっと便利になるから、もう少し待っててほしいッスー！","中央平野にコスモライナーを敷設中ッス！　完成まで待っててほしいッスー！","サーチングウェイ",1,False,170,4,0,241074,1452,166,5,5,1,0,0,0,0,0,0,0,0,0,0,0
138,"「コスモライナー：中央平野」　敷設完了<hex:02100103><hex:024804F2023B03><hex:024904F2023C03>次の作業を計画中、自由に過ごそう！","「コスモライナー：中央平野」　敷設完了","中央平野のコスモライナーが完成したッス！<hex:02100103>遠くへの調査が捗るはずッスね、ご協力ありがとうッスよー！","中央平野のコスモライナーが完成したッス！　ご協力、ありがとうッスよー！","サーチングウェイ",2,False,170,4,0,241075,1576,166,6,6,1,0,0,6,3,4,0,0,0,0,0,8
139,"「エネルギー設備建設支援」　資材集積中<hex:02100103><hex:024804F2023B03><hex:024904F2023C03>コスモミッションに参加して資材を集めよう！","「エネルギー設備建設支援」　資材集積中","基地で必要なエネルギーと水を確保するために、<hex:02100103>発雷所・給水所を建設する計画が進行中ッス！","発雷所・給水所を建設するッス！　資材を集めてほしいッスー！","サーチングウェイ",3,True,170,5,0,241076,0,166,7,5,1,0,0,6,3,4,0,0,0,0,0,0
140,"「エネルギー設備建設支援」　共同施工作業準備中<hex:02100103><hex:024804F2023B03><hex:024904F2023C03>開始時刻までに着工予定地に集まろう！","「エネルギー設備建設支援」　共同施工作業（2連続1回目）準備中","共同施工作業「エネルギー設備建設支援」の着工時刻が決まったッス！<hex:02100103>実施時には、ぜひぜひ協力してほしいッスー！","共同施工作業「エネルギー設備建設支援」の着工時刻が決まったッス！　協力してほしいッスー！","サーチングウェイ",3,False,170,5,0,241076,1451,166,8,5,1,0,0,6,3,4,0,0,0,0,0,0
141,"「エネルギー設備建設支援」　共同施工作業実施中<hex:02100103><hex:024804F2023B03><hex:024904F2023C03>テラ・ファーマ基地の西へ行き、参加しよう！","「エネルギー設備建設支援」　共同施工作業（2連続1回目）実施中","共同施工作業「エネルギー設備建設支援」を実施中ッス！<hex:02100103>ぜひぜひ参加してほしいッスー！","共同施工作業「エネルギー設備建設支援」を実施中ッス！　ぜひぜひ参加してほしいッスー！","サーチングウェイ",3,False,170,5,0,241076,0,0,0,0,1,0,0,6,3,4,0,0,0,0,0,0
142,"「給水設備建設支援」　共同施工作業準備中<hex:02100103><hex:024804F2023B03><hex:024904F2023C03>開始時刻までに着工予定地に集まろう！","「給水設備建設支援」　共同施工作業（2連続2回目）準備中","発雷所ができたッス！<hex:02100103>次は給水所を作るから協力してほしいッスー！","まもなく共同施工作業「給水設備建設支援」が着工するッス！　着工予定地に集まってほしいッス！","サーチングウェイ",4,False,170,6,0,241077,1577,166,10,6,1,0,0,6,3,4,0,0,0,0,0,0
143,"「給水設備建設支援」　共同施工作業実施中<hex:02100103><hex:024804F2023B03><hex:024904F2023C03>テラ・ファーマ基地の西へ行き、参加しよう！","「給水設備建設支援」　共同施工作業（2連続2回目）実施中","共同施工作業「給水設備建設支援」を実施中ッス！<hex:02100103>ぜひぜひ参加してほしいッスー！","共同施工作業「給水設備建設支援」を実施中ッス！　ぜひぜひ参加してほしいッスー！","サーチングウェイ",4,False,170,6,0,241077,0,0,0,0,1,0,0,6,3,4,0,0,0,0,0,10
144,"「エネルギー設備・給水設備」　完工<hex:02100103><hex:024804F2023B03><hex:024904F2023C03>次の作業を計画中、自由に過ごそう！","「エネルギゼーション・ステーション」「ハイドロフィケーション・ステーション」　完工","発雷所と給水所が完成したッス！<hex:02100103>ラボも設置できて研究・開発がもっと進むはずッスね、ご協力ありがとうッスよー！","発雷所と給水所が完成したッス！　ご協力ありがとうッスよー！","サーチングウェイ",5,False,170,7,0,241078,1578,166,12,6,1,0,0,6,3,4,0,0,0,0,0,0
145,"「重力制御装置設置支援」　資材集積中<hex:02100103><hex:024804F2023B03><hex:024904F2023C03>コスモミッションに参加して資材を集めよう！","「重力制御装置設置支援」　資材集積中","アンカーマウンテンに重力制御装置を設置し、周囲に漂う岩を固定化して、<hex:02100103>藍裂の幽陸まで渡れる橋を作る計画が進行中ッス！","アンカーマウンテンに重力制御装置を設置して、藍裂の幽陸まで渡れる橋を作るッス！","サーチングウェイ",6,True,170,8,0,241079,0,166,13,5,1,0,0,6,3,4,0,0,0,0,0,0
146,"「重力制御装置設置支援」　共同施工作業準備中<hex:02100103><hex:024804F2023B03><hex:024904F2023C03>開始時刻までに着工予定地に集まろう！","「重力制御装置設置支援」　共同施工作業準備中","共同施工作業「重力制御装置設置支援」 の着工時刻が決まったッス！<hex:02100103>実施時には、ぜひぜひ協力してほしいッスー！","共同施工作業「重力制御装置設置支援」の着工時刻が決まったッス！　協力してほしいッスー！","サーチングウェイ",6,False,170,8,0,241079,1451,166,14,5,1,0,0,6,3,4,0,0,0,0,0,0
147,"「重力制御装置設置支援」　共同施工作業実施中<hex:02100103><hex:024804F2023B03><hex:024904F2023C03>アンカーマウンテンへ行き、参加しよう！","「重力制御装置設置支援」　共同施工作業実施中","共同施工作業「重力制御装置設置支援」 を実施中ッス！<hex:02100103>ぜひぜひ参加してほしいッスー！","共同施工作業「重力制御装置設置支援」を実施中ッス！　ぜひぜひ参加してほしいッスー！","サーチングウェイ",6,False,170,8,0,241079,0,0,0,0,1,0,0,6,3,4,0,0,0,0,0,0
148,"「グラビティジェネレーター」　完工<hex:02100103><hex:024804F2023B03><hex:024904F2023C03>次の作業を計画中、自由に過ごそう！","「グラビティジェネレーター」　完工","グラビティジェネレーターの設置が完了したッス！<hex:02100103>ついに藍裂の幽陸の調査が始まるッス、ご協力ありがとうッスよー！","グラビティジェネレーターの設置が完了したッス！　ご協力ありがとうッスよー！","サーチングウェイ",7,False,170,9,0,241080,1579,166,16,6,1,0,0,6,3,4,0,0,0,0,0,0
149,"「第二次コスモライナー敷設支援」　資材集積中<hex:02100103><hex:024804F2023B03><hex:024904F2023C03>コスモミッションに参加して資材を集めよう！","「第二次コスモライナー敷設支援」　資材集積中","藍裂の幽陸にコスモライナーを敷設するッス！<hex:02100103>資材調達のため、コスモミッションにご協力くださいッス！","藍裂の幽陸にコスモライナーを敷設するッス！　一緒に資材を集めてほしいッスよー！","サーチングウェイ",7,False,170,10,0,241081,0,166,17,5,1,0,0,6,3,4,0,0,0,0,0,0
150,"「第二次コスモライナー」　敷設中<hex:02100103><hex:024804F2023B03><hex:024904F2023C03>コスモライナーの完成を待とう！","「第二次コスモライナー」　敷設中","藍裂の幽陸にコスモライナーを敷設中ッス！<hex:02100103>完工したらもっと便利になるから、もう少し待っててほしいッスー！","藍裂の幽陸にコスモライナーを敷設中ッス！　完成まで待っててほしいッスー！","サーチングウェイ",7,False,170,10,0,241081,1452,166,18,5,1,0,0,6,3,4,0,0,0,0,0,0
151,"「コスモライナー：藍裂の幽陸」　敷設完了<hex:02100103><hex:024804F2023B03><hex:024904F2023C03>次の作業を計画中、自由に過ごそう！","「コスモライナー：藍裂の幽陸」　敷設完了","藍裂の幽陸のコスモライナーが完成したッス！<hex:02100103>遠くへの調査が捗るはずッスね、ご協力ありがとうッスよー！","藍裂の幽陸のコスモライナーが完成したッス！　ご協力、ありがとうッスよー！","サーチングウェイ",8,False,170,10,0,241082,1580,166,19,6,1,0,0,6,3,4,5,0,0,0,0,0
152,"「テラ・ファーマ基地再整備工事」　資材集積中<hex:02100103><hex:024804F2023B03><hex:024904F2023C03>コスモミッションに参加して資材を集めよう！","「テラ・ファーマ基地再整備工事」　資材集積中","基地奥の結晶体「エウヘドロン」を修復するため、基地を再整備するッス！<hex:02100103>この星で暮らしていた先駆者たちの謎が解けていくかもッスよー！","基地奥の崩れた結晶体「エウヘドロン」修復準備のため、基地を再整備するッス！","サーチングウェイ",9,True,170,11,0,241083,0,166,20,5,1,0,0,6,3,4,5,0,0,0,0,15
153,"「テラ・ファーマ基地再整備工事」　共同施工作業準備中<hex:02100103><hex:024804F2023B03><hex:024904F2023C03>開始時刻までに着工予定地に集まろう！","「テラ・ファーマ基地再整備工事」　共同施工作業準備中","共同施工作業「テラ・ファーマ基地再整備工事」の着工時刻が決まったッス！<hex:02100103>実施時には、ぜひぜひ協力してほしいッスー！","共同施工作業「テラ・ファーマ基地再整備工事」の着工時刻が決まったッス！　協力してほしいッスー！","サーチングウェイ",9,False,170,11,0,241083,1451,166,21,5,1,0,0,6,3,4,5,0,0,0,0,0
154,"「テラ・ファーマ基地再整備工事」　共同施工作業実施中<hex:02100103><hex:024804F2023B03><hex:024904F2023C03>テラ・ファーマ基地へ行き、参加しよう！","「テラ・ファーマ基地再整備工事」　共同施工作業実施中","共同施工作業「テラ・ファーマ基地再整備工事」を実施中ッス！<hex:02100103>ぜひぜひ参加してほしいッスー！","共同施工作業「テラ・ファーマ基地再整備工事」を実施中ッス！　ぜひぜひ参加してほしいッスー！","サーチングウェイ",9,False,170,11,0,241083,0,0,0,0,1,0,0,6,3,4,5,0,0,0,0,0
155,"「テラ・ファーマ基地」　再整備工事完了<hex:02100103><hex:024804F2023B03><hex:024904F2023C03>次の作業を計画中、自由に過ごそう！","「テラ・ファーマ基地」　再整備工事完了","テラ・ファーマ基地の再整備が完了したッス！<hex:02100103>さらに、中央機構の完全復活を目指していくッスよー！","テラ・ファーマ基地の再整備が完了したッス！　ご協力、ありがとうッスよー！","サーチングウェイ",10,False,170,12,0,241084,1581,166,23,6,2,0,0,6,3,4,5,0,0,0,0,16
156,"「エウヘドロン修復計画」　支援物資集積中<hex:02100103><hex:024804F2023B03><hex:024904F2023C03>コスモミッションに参加して支援物資を集めよう！","「エウヘドロン修復計画」　支援物資集積中","基地にある結晶体「エウヘドロン」は表面がくすんで劣化してるッス！<hex:02100103>活性化させてエーテル流動性を整えて、修復する計画が進行中ッス！","基地の中央機構「エウヘドロン」を活性化させて修復するッス！","サーチングウェイ",11,True,170,13,0,241085,0,166,24,5,2,0,0,6,3,4,5,0,0,0,0,17
157,"「エウヘドロン修復計画」　共同施工作業準備中<hex:02100103><hex:024804F2023B03><hex:024904F2023C03>開始時刻までに実施予定地に集まろう！","「エウヘドロン修復計画」　共同施工作業準備中","共同施工作業「エウヘドロン修復計画」の開始時刻が決まったッス！<hex:02100103>実施時には、ぜひぜひ協力してほしいッスー！","共同施工作業「エウヘドロン修復計画」の開始時刻が決まったッス！　協力してほしいッスー！","サーチングウェイ",11,False,170,13,0,241085,1451,166,25,5,2,0,0,6,3,4,5,0,0,0,0,0
158,"「エウヘドロン修復計画」　共同施工作業実施中<hex:02100103><hex:024804F2023B03><hex:024904F2023C03>テラ・ファーマ基地内の足場にのぼり、参加しよう！","「エウヘドロン修復計画」　共同施工作業実施中","共同施工作業「エウヘドロン修復計画」を実施中ッス！<hex:02100103>ぜひぜひ参加してほしいッスー！","共同施工作業「エウヘドロン修復計画」を実施中ッス！　ぜひぜひ参加してほしいッスー！","サーチングウェイ",11,False,170,13,0,241085,0,0,0,0,2,0,0,6,3,4,5,0,0,0,0,0
159,"「エウヘドロン」　修復完了<hex:02100103><hex:024804F2023B03><hex:024904F2023C03>次の作業を計画中、自由に過ごそう！","「エウヘドロン」　修復完了","エウヘドロン中央機構の修復が完了したッス！<hex:02100103>これから、研究チームによる解析が始まるッスよー！","エウヘドロン中央機構の修復が完了したッス！　ご協力、ありがとうッスよー！","サーチングウェイ",12,False,170,14,0,241086,1582,166,27,6,2,0,0,6,3,4,5,0,0,0,0,18
160,"「コスモポート整備支援」　資材集積中<hex:02100103><hex:024804F2023B03><hex:024904F2023C03>コスモミッションに参加して資材を集めよう！","「コスモポート整備支援」　資材集積中","この星でとれた遺物や鉱石を、より効率的にアーテリスに送るため、<hex:02100103>コスモポートの機能をアップグレードするッス！","コスモポートの機能をアップグレードするッス！　必要物資を集めてほしいッス！","サーチングウェイ",13,True,170,15,0,241087,0,166,28,5,2,0,0,6,3,4,5,0,0,0,0,19
161,"「コスモポート整備支援」　共同施工作業準備中<hex:02100103><hex:024804F2023B03><hex:024904F2023C03>開始時刻までに着工予定地に集まろう！","「コスモポート整備支援」　共同施工作業準備中","共同施工作業「コスモポート整備支援」の着工時刻が決まったッス！<hex:02100103>実施時には、ぜひぜひ協力してほしいッスー！","共同施工作業「コスモポート整備支援」の着工時刻が決まったッス！　協力してほしいッスー！","サーチングウェイ",13,False,170,15,0,241087,1451,166,29,5,2,0,0,6,3,4,5,0,0,0,0,0
162,"「コスモポート整備支援」　共同施工作業実施中<hex:02100103><hex:024804F2023B03><hex:024904F2023C03>テラ・ファーマ基地北へ行き、参加しよう！","「コスモポート整備支援」　共同施工作業実施中","共同施工作業「コスモポート整備支援」を実施中ッス！<hex:02100103>ぜひぜひ参加してほしいッスー！","共同施工作業「コスモポート整備支援」を実施中ッス！　ぜひぜひ参加してほしいッスー！","サーチングウェイ",13,False,170,15,0,241087,0,0,0,0,2,0,0,6,3,4,5,0,0,0,0,0
163,"「コスモポート」　整備完了<hex:02100103><hex:024804F2023B03><hex:024904F2023C03>次の作業を計画中、自由に過ごそう！","「コスモポート」　整備完了","コスモポートのアップグレードで、より多くの研究物資をアーテリスに送れるッス！<hex:02100103>うーんと研究が進むかもしれないッス！","コスモポートのアップグレードが完了したッス！　ご協力ありがとうッスよー！","サーチングウェイ",14,False,170,16,0,241088,1583,166,31,6,2,0,0,6,3,4,5,0,0,0,0,20
164,"「翠核の谷遺跡発掘計画」　支援物資集積中<hex:02100103><hex:024804F2023B03><hex:024904F2023C03>コスモミッションに参加して支援物資を集めよう！","「翠核の谷遺跡発掘計画」　支援物資集積中","翠核の谷で、遺跡らしきものが発見されたッス！<hex:02100103>発掘計画に協力して、支援物資を集めてほしいッス！","翠核の谷で発見された遺跡発掘のための、支援物資を集めてほしいッス！","サーチングウェイ",15,True,170,17,0,241089,0,166,32,5,2,0,0,6,3,4,5,0,0,0,0,0
165,"「翠核の谷遺跡発掘計画」　共同施工作業準備中<hex:02100103><hex:024804F2023B03><hex:024904F2023C03>開始時刻までに実施予定地に集まろう！","「翠核の谷遺跡発掘計画」　共同施工作業準備中","共同施工作業「翠核の谷遺跡発掘計画」の開始時刻が決まったッス！<hex:02100103>実施時には、ぜひぜひ協力してほしいッスー！","共同施工作業「翠核の谷遺跡発掘計画」の開始時刻が決まったッス！　協力してほしいッスー！","サーチングウェイ",15,False,170,17,0,241089,1451,166,33,5,2,0,0,6,3,4,5,0,0,0,0,0
166,"「翠核の谷遺跡発掘計画」　共同施工作業実施中<hex:02100103><hex:024804F2023B03><hex:024904F2023C03>翠核の谷へ行き、参加しよう！","「翠核の谷遺跡発掘計画」　共同施工作業実施中","共同施工作業「翠核の谷遺跡発掘計画」 を実施中ッス！<hex:02100103>ぜひぜひ参加してほしいッスー！","共同施工作業「翠核の谷遺跡発掘計画」を実施中ッス！　ぜひぜひ参加してほしいッスー！","サーチングウェイ",15,False,170,17,0,241089,0,0,0,0,2,0,0,6,3,4,5,0,0,0,0,0
167,"「翠核の谷遺跡」　発掘完了<hex:02100103><hex:024804F2023B03><hex:024904F2023C03>次の作業を計画中、自由に過ごそう！","「翠核の谷遺跡」　発掘完了","発掘を進めた翠核の谷で遺跡の入口を発見したッス！<hex:02100103>コスモライナーも延長されたッス、ご協力ありがとうッスよー！","翠核の谷までのコスモライナーも延長されたッス！　ご協力ありがとうッスよー！","サーチングウェイ",16,False,170,18,0,241090,1584,166,35,6,2,0,0,6,3,4,5,0,0,0,0,0
168,"「翠核の谷遺跡解錠計画」　支援物資集積中<hex:02100103><hex:024804F2023B03><hex:024904F2023C03>コスモミッションに参加して支援物資を集めよう！","「翠核の谷遺跡解錠計画」　支援物資集積中","遺跡の扉は、入口にある鉱石を活性化すれば開くらしいッス！<hex:02100103>解錠計画に協力してほしいッス！","翠核の谷の遺跡の扉を開くために、支援物資を集めてほしいッス！","サーチングウェイ",17,True,170,19,0,241091,0,166,36,5,2,0,0,6,3,4,5,0,0,0,0,0
169,"「翠核の谷遺跡解錠計画」　共同施工作業準備中<hex:02100103><hex:024804F2023B03><hex:024904F2023C03>開始時刻までに実施予定地に集まろう！","「翠核の谷遺跡解錠計画」　共同施工作業準備中","共同施工作業「翠核の谷遺跡解錠計画」の開始時刻が決まったッス！<hex:02100103>実施時には、ぜひぜひ協力してほしいッスー！","共同施工作業「翠核の谷遺跡解錠計画」の開始時刻が決まったッス！　協力してほしいッスー！","サーチングウェイ",17,False,170,19,0,241091,1451,166,37,5,2,0,0,6,3,4,5,0,0,0,0,0
170,"「翠核の谷遺跡解錠計画」　共同施工作業実施中<hex:02100103><hex:024804F2023B03><hex:024904F2023C03>翠核の谷遺跡へ行き、参加しよう！","「翠核の谷遺跡解錠計画」　共同施工作業実施中","共同施工作業「翠核の谷遺跡解錠計画」を実施中ッス！<hex:02100103>ぜひぜひ参加してほしいッスー！","共同施工作業「翠核の谷遺跡解錠計画」を実施中ッス！　ぜひぜひ参加してほしいッスー！","サーチングウェイ",17,False,170,19,0,241091,0,0,0,0,2,0,0,6,3,4,5,0,0,0,0,0
171,"「翠核の谷遺跡」　解錠完了<hex:02100103><hex:024804F2023B03><hex:024904F2023C03>次の作業を計画中、自由に過ごそう！","「翠核の谷遺跡」　解錠完了","翠核の谷遺跡の扉を開くことができたッスー！<hex:02100103>内部には何が眠っているのか……さらなる探索を続けるッス！","翠核の谷遺跡の扉を開くことができたッス！　ご協力ありがとうッスよー！","サーチングウェイ",18,False,170,20,0,241092,1585,166,39,6,2,0,0,6,3,4,5,0,0,0,0,0
172,"「翠核の谷遺跡復旧計画」　支援物資集積中<hex:02100103><hex:024804F2023B03><hex:024904F2023C03>コスモミッションに参加して支援物資を集めよう！","「翠核の谷遺跡復旧計画」　支援物資集積中","翠核の谷遺跡の内部で発見された結晶体を動かして、<hex:02100103>遺跡を復旧し、先駆者たちの謎に迫る計画が進行中ッス！","遺跡内で発見された結晶体機構を動かすッス、支援物資を集めてほしいッス！","サーチングウェイ",19,True,170,21,0,241093,0,166,40,5,2,0,0,6,3,4,5,0,0,0,0,0
173,"「翠核の谷遺跡復旧計画」　共同施工作業準備中<hex:02100103><hex:024804F2023B03><hex:024904F2023C03>開始時刻までに実施予定地に集まろう！","「翠核の谷遺跡復旧計画」　共同施工作業準備中","共同施工作業「翠核の谷遺跡復旧計画」の開始時刻が決まったッス！<hex:02100103>実施時には、ぜひぜひ協力してほしいッスー！","共同施工作業「翠核の谷遺跡復旧計画」の開始時刻が決まったッス！　協力してほしいッスー！","サーチングウェイ",19,False,170,21,0,241093,1451,166,41,5,2,0,0,6,3,4,5,0,0,0,0,0
174,"「翠核の谷遺跡復旧計画」　共同施工作業実施中<hex:02100103><hex:024804F2023B03><hex:024904F2023C03>翠核の谷遺跡へ行き、参加しよう！","「翠核の谷遺跡復旧計画」　共同施工作業実施中","共同施工作業「翠核の谷遺跡復旧計画」を実施中ッス！<hex:02100103>ぜひぜひ参加してほしいッスー！","共同施工作業「翠核の谷遺跡復旧計画」を実施中ッス！　ぜひぜひ参加してほしいッスー！","サーチングウェイ",19,False,170,21,0,241093,0,0,0,0,2,0,0,6,3,4,5,0,0,0,0,0
175,"「翠核の谷遺跡」　復旧完了<hex:02100103><hex:024804F2023B03><hex:024904F2023C03>次の作業を計画中、自由に過ごそう！","「翠核の谷遺跡」　復旧完了","ガイドストーンの復旧により、遺跡内部が機能を取り戻したッス！<hex:02100103>遺跡奥の本格的な調査を進められるッス！","遺跡のガイドストーンが復旧したッス！　ご協力ありがとうッスよー！","サーチングウェイ",20,False,170,22,0,241094,1586,166,43,6,2,0,0,6,3,4,5,0,0,0,0,0
176,"「翠核の谷遺跡最深部再起動計画」　支援物資集積中<hex:02100103><hex:024804F2023B03><hex:024904F2023C03>コスモミッションに参加して支援物資を集めよう！","「翠核の谷遺跡最深部再起動計画」　支援物資集積中","遺跡の最奥部の劣化した結晶体を、基地の「エウヘドロン」と同じく、<hex:02100103>活性化させエーテル流動性を整えて、修復する計画が進行中ッス！","遺跡の最奥部の劣化した結晶体を、活性化させ修復するッス！ 支援物資を集めてほしいッス！","サーチングウェイ",21,True,170,23,0,241095,0,166,44,5,2,0,0,6,3,4,5,0,0,0,0,0
177,"「翠核の谷遺跡最深部再起動計画」　共同施工作業準備中<hex:02100103><hex:024804F2023B03><hex:024904F2023C03>開始時刻までに実施予定地に集まろう！","「翠核の谷遺跡最深部再起動計画」　共同施工作業準備中","共同施工作業「翠核の谷遺跡最深部再起動計画」の開始時刻が決まったッス！<hex:02100103>実施時には、ぜひぜひ協力してほしいッスー！","共同施工作業「翠核の谷遺跡最深部再起動計画」の開始時刻が決まったッス！　協力してほしいッスー！","サーチングウェイ",21,False,170,23,0,241095,1451,166,45,5,2,0,0,6,3,4,5,0,0,0,0,0
178,"「翠核の谷遺跡最深部再起動計画」　共同施工作業実施中<hex:02100103><hex:024804F2023B03><hex:024904F2023C03>翠核の谷遺跡へ行き、参加しよう！","「翠核の谷遺跡最深部再起動計画」　共同施工作業実施中","共同施工作業「翠核の谷遺跡最深部再起動計画」を実施中ッス！<hex:02100103>ぜひぜひ参加してほしいッスー！","共同施工作業「翠核の谷遺跡最深部再起動計画」を実施中ッス！　ぜひぜひ参加してほしいッスー！","サーチングウェイ",21,False,170,23,0,241095,0,0,0,0,2,0,0,6,3,4,5,0,0,0,0,0
179,"「翠核の谷遺跡最深部」　再稼働完了<hex:02100103><hex:024804F2023B03><hex:024904F2023C03>次の作業を計画中、自由に過ごそう！","「翠核の谷遺跡最深部」　再稼働完了","デザート・バロー遺跡最奥部の機構、メタヘドロンが再稼働したッスー！<hex:02100103>ご協力ありがとうッスよー！","デザート・バロー遺跡のメタヘドロンが再稼働したッス！　ご協力ありがとうッスよー！","サーチングウェイ",22,False,170,24,0,241096,1587,166,47,6,2,0,0,6,3,4,5,0,0,0,0,0
180,"「第三次コスモライナー敷設支援」　資材集積中<hex:02100103><hex:024804F2023B03><hex:024904F2023C03>コスモミッションに参加して資材を集めよう！","「第三次コスモライナー敷設支援」　資材集積中","翠核の谷の内部にコスモライナーを敷設するッス！<hex:02100103>資材調達のため、コスモミッションにご協力くださいッス！","翠核の谷の内部にコスモライナーを敷設するッス！　一緒に資材を集めてほしいッスよー！","サーチングウェイ",22,False,170,25,0,241097,0,166,48,5,2,0,0,6,3,4,5,0,0,0,0,0
181,"「第三次コスモライナー」　敷設中<hex:02100103><hex:024804F2023B03><hex:024904F2023C03>コスモライナーの完成を待とう！","「第三次コスモライナー」　敷設中","翠核の谷の内部にコスモライナーを敷設中ッス！<hex:02100103>竣工したらもっと便利になるから、もう少し待っててほしいッスー！","翠核の谷の内部にコスモライナーを敷設中ッス！　完成まで待っててほしいッスー！","サーチングウェイ",22,False,170,25,0,241097,1452,166,49,5,2,0,0,6,3,4,5,0,0,0,0,0
182,"「コスモライナー：翠核の谷」　敷設完了<hex:02100103><hex:024804F2023B03><hex:024904F2023C03>次の作業を計画中、自由に過ごそう！","「コスモライナー：翠核の谷」　敷設完了","翠核の谷のコスモライナーが完成したッス！<hex:02100103>遠くへの調査が捗るはずッスね、ご協力ありがとうッスよー！","翠核の谷のコスモライナーが完成したッス！　ご協力、ありがとうッスよー！","サーチングウェイ",23,False,170,25,0,241098,1588,166,50,6,2,0,0,6,3,4,5,0,0,0,0,0
183,"「テラ・ファーマ基地構造強化工事」　資材集積中<hex:02100103><hex:024804F2023B03><hex:024904F2023C03>コスモミッションに参加して資材を集めよう！","「テラ・ファーマ基地構造強化工事」　資材集積中","本部基地屋上部に通信施設を建てて、翠核の谷遺跡からの膨大な情報を受信するッス！<hex:02100103>その準備のため、基地の構造強化計画が進行中ッス！","本部基地屋上部に通信施設を建てる準備のため、基地の構造強化を行うッス！","サーチングウェイ",24,True,170,26,0,241099,0,166,51,5,2,0,0,6,3,4,5,0,0,0,0,30
184,"「テラ・ファーマ基地構造強化工事」　共同施工作業準備中<hex:02100103><hex:024804F2023B03><hex:024904F2023C03>開始時刻までに着工予定地に集まろう！","「テラ・ファーマ基地構造強化工事」　共同施工作業準備中","共同施工作業「テラ・ファーマ基地構造強化工事」 の着工時刻が決まったッス！<hex:02100103>実施時には、ぜひぜひ協力してほしいッスー！","共同施工作業「テラ・ファーマ基地構造強化工事」の着工時刻が決まったッス！　協力してほしいッスー！","サーチングウェイ",24,False,170,26,0,241099,1451,166,52,5,2,0,0,6,3,4,5,0,0,0,0,0
185,"「テラ・ファーマ基地構造強化工事」　共同施工作業実施中<hex:02100103><hex:024804F2023B03><hex:024904F2023C03>テラ・ファーマ基地へ行き、参加しよう！","「テラ・ファーマ基地構造強化工事」　共同施工作業実施中","共同施工作業「テラ・ファーマ基地構造強化工事」 を実施中ッス！<hex:02100103>ぜひぜひ参加してほしいッスー！","共同施工作業「テラ・ファーマ基地構造強化工事」を実施中ッス！　ぜひぜひ参加してほしいッスー！","サーチングウェイ",24,False,170,26,0,241099,0,0,0,0,2,0,0,6,3,4,5,0,0,0,0,0
186,"「テラ・ファーマ基地」　構造強化工事完了<hex:02100103><hex:024804F2023B03><hex:024904F2023C03>次の作業を計画中、自由に過ごそう！","「テラ・ファーマ基地」　構造強化工事完了","本部基地の構造を強化できたッス！<hex:02100103>これで屋上部に通信施設を建てられるッス、ご協力ありがとうッスよー！","基地の構造を強化できたッス！　エレベーターで基地の上に行けるッスよー！！","サーチングウェイ",25,False,170,27,0,241100,1589,166,54,6,2,0,0,6,3,4,5,0,0,34,35,31
187,"「エウヘドロン再起動作戦」　資材集積中<hex:02100103><hex:024804F2023B03><hex:024904F2023C03>コスモミッションに参加して資材を集めよう！","「エウヘドロン再起動作戦」　資材集積中","テラ・ファーマ基地屋上部に巨大な通信設備を建てて、<hex:02100103>翠核の谷遺跡からのデータをエウヘドロンに転送する計画が進行中ッス！","テラ・ファーマ基地に巨大な通信設備を建てるッス！ 必要物資を集めてほしいッス！","サーチングウェイ",26,True,170,28,0,241101,0,166,55,5,2,0,0,6,3,4,5,0,0,34,35,0
188,"「エウヘドロン再起動作戦」　共同施工作業準備中<hex:02100103><hex:024804F2023B03><hex:024904F2023C03>エレベーターに乗り、テラ・ファーマ基地屋上部に集まろう！","「エウヘドロン再起動作戦」　共同施工作業準備中","共同施工作業「エウヘドロン再起動作戦」 の着工時刻が決まったッス！<hex:02100103>実施時には、ぜひぜひ協力してほしいッスー！","共同施工作業「エウヘドロン再起動作戦」の着工時刻が決まったッス！　協力してほしいッスー！","サーチングウェイ",26,False,170,28,203,241101,1451,166,56,5,2,0,0,6,3,4,5,0,0,34,35,0
189,"「エウヘドロン再起動作戦」　共同施工作業実施中<hex:02100103><hex:024804F2023B03><hex:024904F2023C03>テラ・ファーマ基地のエレベーターに乗り、参加しよう！","「エウヘドロン再起動作戦」　共同施工作業実施中","共同施工作業「エウヘドロン再起動作戦」 を実施中ッス！<hex:02100103>テラ・ファーマ基地のエレベーターに乗って、ぜひぜひ参加してほしいッスー！","共同施工作業「エウヘドロン再起動作戦」を実施中ッス！　ぜひぜひ参加してほしいッスー！","サーチングウェイ",26,False,170,28,203,241101,0,0,0,0,2,0,0,6,3,4,5,0,0,34,35,0
190,"「エウヘドロン」　再起動準備完了<hex:02100103><hex:024804F2023B03><hex:024904F2023C03>星々に想いを馳せながら、自由に過ごそう！","「エウヘドロン」　再起動準備完了","通信設備オーソスタット・タワーが完成したッス！<hex:02100103>ここまでのご協力、ほんとにありがとうッスよー！！","通信設備オーソスタット・タワーが完成したッス！　ここまでのご協力、ほんとにありがとうッスよー！！","サーチングウェイ",27,False,170,29,0,241102,1590,166,58,6,2,0,0,6,3,4,5,0,0,34,35,33
191,"「惑星オイジュス探索計画」　完了<hex:02100103><hex:024804F2023B03><hex:024904F2023C03>星々に想いを馳せながら、自由に過ごそう！","「惑星オイジュス探索計画」　完了","協力してくれたみんなのおかげで、<hex:02100103>惑星の調査・解析が大幅に進んだッス！　ありがとうッスよー！！","協力してくれたみんなのおかげで、惑星の調査・解析が大幅に進んだッス！　ありがとうッスよー！！","サーチングウェイ",27,False,170,30,0,241103,0,166,59,5,2,0,0,6,3,4,5,0,0,34,35,0
192,"「居住モジュール設置支援」　資材集積中<hex:02100103><hex:024804F2023B03><hex:024904F2023C03>コスモミッションに参加して資材を集めよう！","「居住モジュール設置支援」　資材集積中","基地で過ごすみんなの居住モジュールを建てて、<hex:02100103>活動を支援する計画が進行中ッスよー！","基地で過ごすみんなの居住モジュールを建てて、活動を支援するッス！","サーチングウェイ",0,False,171,1,0,241105,0,0,0,0,5,0,0,0,0,0,0,0,0,0,0,0
193,"「居住モジュール設置支援」　共同施工作業準備中<hex:02100103><hex:024804F2023B03><hex:024904F2023C03>開始時刻までに着工予定地に集まろう！","「居住モジュール設置支援」　共同施工作業準備中","共同施工作業「居住モジュール設置支援」の着工時刻が決まったッス！<hex:02100103>実施時には、ぜひぜひ協力してほしいッスー！","共同施工作業「居住モジュール設置支援」の着工時刻が決まったッス！　協力してほしいッスー！","サーチングウェイ",0,False,171,1,0,241105,1451,184,1,5,5,0,0,0,0,0,0,0,0,0,0,0
194,"「居住モジュール設置支援」　共同施工作業実施中<hex:02100103><hex:024804F2023B03><hex:024904F2023C03>ティンバーロッジ基地北西へ行き、参加しよう！","「居住モジュール設置支援」　共同施工作業実施中","共同施工作業「居住モジュール設置支援」を実施中ッス！<hex:02100103>ぜひぜひ参加してほしいッスー！","共同施工作業「居住モジュール設置支援」を実施中ッス！　ぜひぜひ参加してほしいッスー！","サーチングウェイ",0,False,171,2,0,241105,0,0,0,0,5,0,0,0,0,0,0,0,0,0,0,0
195,"「居住モジュール」　完工<hex:02100103><hex:024804F2023B03><hex:024904F2023C03>次の作業を計画中、自由に過ごそう！","「居住モジュール」　完工","基地で過ごすみんなの居住モジュールができたッス！<hex:02100103>調査・解析活動も捗るはず……ご協力、ありがとうッスよー！","基地で過ごすみんなの居住モジュールができたッス！　ご協力、ありがとうッスよー！","サーチングウェイ",1,False,171,3,0,241106,1641,184,3,6,5,0,0,0,0,0,0,0,0,0,0,6
196,"「第一次コスモライナー敷設計画」　資材集積中<hex:02100103><hex:024804F2023B03><hex:024904F2023C03>コスモミッションに参加して資材を集めよう！","「第一次コスモライナー敷設計画」　資材集積中","都心部にコスモライナーを敷設するッス！<hex:02100103>資材調達のため、コスモミッションにご協力くださいッス！","都心部にコスモライナーを敷設するッス！　一緒に資材を集めてほしいッスよー！","サーチングウェイ",2,True,171,4,0,241107,0,184,4,5,5,0,0,0,0,0,0,0,0,0,0,7
197,"「第一次コスモライナー敷設計画」　敷設中<hex:02100103><hex:024804F2023B03><hex:024904F2023C03>コスモライナーの完成を待とう！","「第一次コスモライナー敷設計画」　敷設中","都心部にコスモライナーを敷設中ッス！<hex:02100103>完工したらもっと便利になるから、もう少し待っててほしいッスー！","都心部にコスモライナーを敷設中ッス！　完成まで待っててほしいッスー！","サーチングウェイ",2,False,171,4,0,241107,0,184,5,5,5,0,0,0,0,0,0,0,0,0,0,0
198,"「コスモライナー：都心部」　敷設完了<hex:02100103><hex:024804F2023B03><hex:024904F2023C03>次の作業を計画中、自由に過ごそう！","「コスモライナー：都心部」　敷設完了","都心部のコスモライナーが完成したッス！<hex:02100103>イッキに広範囲の調査が捗るはずッスね、ご協力ありがとうッスよー！","都心部のコスモライナーが完成したッス！　ご協力、ありがとうッスよー！","サーチングウェイ",3,False,171,4,0,241108,1642,184,6,6,5,0,0,2,3,0,0,0,0,0,0,8
199,"「エネルギー設備建設支援」　資材集積中<hex:02100103><hex:024804F2023B03><hex:024904F2023C03>コスモミッションに参加して資材を集めよう！","「エネルギー設備建設支援」　資材集積中","基地で必要なエネルギーと水を確保するために、<hex:02100103>発雷所・給水所を建設する計画が進行中ッス！","発雷所・給水所を建設するッス！　資材を集めてほしいッスー！","サーチングウェイ",4,True,171,5,0,241109,0,184,7,5,5,0,0,2,3,0,0,0,0,0,0,0
200,"「エネルギー設備建設支援」　共同施工作業準備中<hex:02100103><hex:024804F2023B03><hex:024904F2023C03>開始時刻までに着工予定地に集まろう！","「エネルギー設備建設支援」　共同施工作業（2連続1回目）準備中","共同施工作業「エネルギー設備建設支援」の着工時刻が決まったッス！<hex:02100103>実施時には、ぜひぜひ協力してほしいッスー！","共同施工作業「エネルギー設備建設支援」の着工時刻が決まったッス！　協力してほしいッスー！","サーチングウェイ",4,False,171,5,0,241109,1451,184,8,5,5,0,0,2,3,0,0,0,0,0,0,0
201,"「エネルギー設備建設支援」　共同施工作業実施中<hex:02100103><hex:024804F2023B03><hex:024904F2023C03>ティンバーロッジ基地南西へ行き、参加しよう！","「エネルギー設備建設支援」　共同施工作業（2連続1回目）実施中","共同施工作業「エネルギー設備建設支援」を実施中ッス！<hex:02100103>ぜひぜひ参加してほしいッスー！","共同施工作業「エネルギー設備建設支援」を実施中ッス！　ぜひぜひ参加してほしいッスー！","サーチングウェイ",4,False,171,5,0,241109,0,0,0,0,5,0,0,2,3,0,0,0,0,0,0,0
202,"「給水設備建設支援」　共同施工作業準備中<hex:02100103><hex:024804F2023B03><hex:024904F2023C03>開始時刻までに着工予定地に集まろう！","「給水設備建設支援」　共同施工作業（2連続2回目）準備中","発雷所ができたッス！<hex:02100103>次は給水所を作るから協力してほしいッスー！","まもなく共同施工作業「給水設備建設支援」が着工するッス！　着工予定地に集まってほしいッス！","サーチングウェイ",5,False,171,6,0,241110,1643,184,10,6,5,0,0,2,3,0,0,0,0,0,0,9
203,"「給水設備建設支援」　共同施工作業実施中<hex:02100103><hex:024804F2023B03><hex:024904F2023C03>ティンバーロッジ基地南西へ行き、参加しよう！","「給水設備建設支援」　共同施工作業（2連続2回目）実施中","共同施工作業「給水設備建設支援」を実施中ッス！<hex:02100103>ぜひぜひ参加してほしいッスー！","共同施工作業「給水設備建設支援」を実施中ッス！　ぜひぜひ参加してほしいッスー！","サーチングウェイ",5,False,171,6,0,241110,0,0,0,0,5,0,0,2,3,0,0,0,0,0,0,0
204,"「エネルギー設備・給水設備」　完工<hex:02100103><hex:024804F2023B03><hex:024904F2023C03>次の作業を計画中、自由に過ごそう！","「エネルギゼーション・ステーション」「ハイドロフィケーション・ステーション」　完工","発雷所と給水所が完成したッス！<hex:02100103>ラボも設置できて調査・解析がもっと進むはずッスね、ご協力ありがとうッスよー！","発雷所と給水所が完成したッス！　ご協力ありがとうッスよー！","サーチングウェイ",6,False,171,7,0,241111,1644,184,12,6,5,0,0,2,3,0,0,0,0,0,0,10
205,"「子葉の塔復旧計画」　資材集積中<hex:02100103><hex:024804F2023B03><hex:024904F2023C03>コスモミッションに参加して資材を集めよう！","「子葉の塔復旧計画」　資材集積中","翠枝の円森にあるタワーは、都市の重要なシステムを担ってるらしいッス！<hex:02100103>この機構を復旧させて、解析を行う計画が進行中ッス！","翠枝の円森にあるタワー、子葉の塔を復旧させる計画が進行中ッス！","サーチングウェイ",7,True,171,8,0,241112,0,184,13,5,5,0,0,2,3,0,0,0,0,0,0,0
206,"「子葉の塔復旧計画」　共同施工作業準備中<hex:02100103><hex:024804F2023B03><hex:024904F2023C03>開始時刻までに着工予定地に集まろう！","「子葉の塔復旧計画」　共同施工作業準備中","共同施工作業「子葉の塔復旧計画」の開始時刻が決まったッス！<hex:02100103>実施時には、ぜひぜひ協力してほしいッスー！","共同施工作業「子葉の塔復旧計画」の開始時刻が決まったッス！　協力してほしいッスー！","サーチングウェイ",7,False,171,8,0,241112,1451,184,14,5,5,0,0,2,3,0,0,0,0,0,0,0
207,"「子葉の塔復旧計画」　共同施工作業実施中<hex:02100103><hex:024804F2023B03><hex:024904F2023C03>翠枝の円森へ行き、参加しよう！","「子葉の塔復旧計画」　共同施工作業実施中","共同施工作業「子葉の塔復旧計画」を実施中ッス！<hex:02100103>ぜひぜひ参加してほしいッスー！","共同施工作業「子葉の塔復旧計画」を実施中ッス！　ぜひぜひ参加してほしいッスー！","サーチングウェイ",7,False,171,8,0,241112,0,0,0,0,5,0,0,2,3,0,0,0,0,0,0,0
208,"「子葉の塔」　復旧完了<hex:02100103><hex:024804F2023B03><hex:024904F2023C03>次の作業を計画中、自由に過ごそう！","「子葉の塔」　復旧完了","子葉の塔の復旧が完了したッス！<hex:02100103>これで、研究チームによる解析を始めていけるッス！<hex:02100103>","子葉の塔が復旧したッス！　ご協力、ありがとうッスよー！","サーチングウェイ",8,False,171,9,0,241113,1645,184,16,6,5,0,0,2,3,0,0,0,0,0,0,0
209,"「ティンバーロッジ基地拡張計画」　資材集積中<hex:02100103><hex:024804F2023B03><hex:024904F2023C03>コスモミッションに参加して資材を集めよう！","「ティンバーロッジ基地拡張計画」　資材集積中","復旧させた子葉の塔のエーテル情報を解析するため、<hex:02100103>基地内外の回線網を再整備する計画が進行中ッス！","子葉の塔と回線を繋げて解析するため、基地を再整備するッス！　支援物資を集めてほしいッスー！","サーチングウェイ",9,True,171,10,0,241114,0,184,17,5,5,0,0,2,3,0,0,0,0,0,0,11
210,"「ティンバーロッジ基地拡張計画」　共同施工作業準備中<hex:02100103><hex:024804F2023B03><hex:024904F2023C03>開始時刻までに着工予定地に集まろう！","「ティンバーロッジ基地拡張計画」　共同施工作業準備中","共同施工作業「ティンバーロッジ基地拡張計画」の開始時刻が決まったッス！<hex:02100103>実施時には、ぜひぜひ協力してほしいッスー！","共同施工作業「ティンバーロッジ基地拡張計画」の着工時刻が決まったッス！　協力してほしいッスー！","サーチングウェイ",9,False,171,10,0,241114,1451,184,18,5,5,0,0,2,3,0,0,0,0,0,0,0
211,"「ティンバーロッジ基地拡張計画」　共同施工作業実施中<hex:02100103><hex:024804F2023B03><hex:024904F2023C03>ティンバーロッジ基地へ行き、参加しよう！","「ティンバーロッジ基地拡張計画」　共同施工作業実施中","共同施工作業「ティンバーロッジ基地拡張計画」を実施中ッス！<hex:02100103>ぜひぜひ参加してほしいッスー！","共同施工作業「ティンバーロッジ基地拡張計画」を実施中ッス！　ぜひぜひ参加してほしいッスー！","サーチングウェイ",9,False,171,10,0,241114,0,0,0,0,5,0,0,2,3,0,0,0,0,0,0,0
212,"「ティンバーロッジ基地」　再整備工事完了<hex:02100103><hex:024804F2023B03><hex:024904F2023C03>次の作業を計画中、自由に過ごそう！","「ティンバーロッジ基地」　再整備工事完了","回線網の再整備が完了したッス！<hex:02100103>子葉の塔を基地と接続して、惑星のさらなる調査を進めていくッスよー！","ティンバーロッジ基地の再整備が完了したッス！　ご協力、ありがとうッスよー！","サーチングウェイ",10,False,171,11,0,241115,1646,184,20,6,5,0,0,2,3,0,0,0,0,0,0,0
213,"「常葉の塔への経路確保支援」　資材集積中<hex:02100103><hex:024804F2023B03><hex:024904F2023C03>コスモミッションに参加して資材を集めよう！","「常葉の塔への経路確保支援」　資材集積中","子葉の塔の解析により、次なる塔の存在が判明した、<hex:02100103>シルヴァン・スタックスの調査を進める計画が進行中ッス！","シルヴァン・スタックス内のタワー、常葉の塔を調査するッス！　支援物資を集めてほしいッスー！","サーチングウェイ",11,True,171,12,0,241116,0,184,21,5,5,0,0,2,3,0,0,0,0,0,0,0
214,"「常葉の塔への経路確保支援」　共同施工作業準備中<hex:02100103><hex:024804F2023B03><hex:024904F2023C03>開始時刻までに着工予定地に集まろう！","「常葉の塔への経路確保支援」　共同施工作業準備中","共同施工作業「常葉の塔への経路確保支援」の開始時刻が決まったッス！<hex:02100103>実施時には、ぜひぜひ協力してほしいッスー！","共同施工作業「常葉の塔への経路確保支援」の開始時刻が決まったッス！　協力してほしいッスー！","サーチングウェイ",11,False,171,12,0,241116,1451,184,22,5,5,0,0,2,3,0,0,0,0,0,0,0
215,"「常葉の塔への経路確保支援」　共同施工作業実施中<hex:02100103><hex:024804F2023B03><hex:024904F2023C03>シルヴァン・スタックスへ行き、参加しよう！","「常葉の塔への経路確保支援」　共同施工作業実施中","共同施工作業「常葉の塔への経路確保支援」を実施中ッス！<hex:02100103>ぜひぜひ参加してほしいッスー！","共同施工作業「常葉の塔への経路確保支援」を実施中ッス！　ぜひぜひ参加してほしいッスー！","サーチングウェイ",11,False,171,12,0,241116,0,0,0,0,5,0,0,2,3,0,0,0,0,0,0,0
216,"「常葉の塔」　経路確保完了<hex:02100103><hex:024804F2023B03><hex:024904F2023C03>次の作業を計画中、自由に過ごそう！","「常葉の塔」　経路確保完了","シルヴァン・スタックス内の、常葉の塔に到達できたッス！<hex:02100103>2基目の機構も、さらなる研究を進めていくッスよー！","シルヴァン・スタックス内の、常葉の塔に到達できたッス！　ご協力ありがとうッスよー！","サーチングウェイ",12,False,171,13,0,241117,1647,184,24,6,5,0,0,2,3,0,0,0,0,0,0,0
217,"「常葉の塔復旧計画」　資材集積中<hex:02100103><hex:024804F2023B03><hex:024904F2023C03>コスモミッションに参加して資材を集めよう！","「常葉の塔復旧計画」　資材集積中","常葉の塔の復旧は、子葉の塔とは違うアプローチが必要みたいッス！<hex:02100103>研究チームみんなで、復旧方法を計画中ッス～！","常葉の塔を復旧させるために、支援物資を集めてほしいッス！","サーチングウェイ",13,True,171,14,0,241118,0,184,25,5,5,0,0,2,3,0,0,0,0,0,0,0
218,"「常葉の塔復旧計画」　共同施工作業準備中<hex:02100103><hex:024804F2023B03><hex:024904F2023C03>開始時刻までに着工予定地に集まろう！","「常葉の塔復旧計画」　共同施工作業準備中","共同施工作業「常葉の塔復旧計画」の開始時刻が決まったッス！<hex:02100103>実施時には、ぜひぜひ協力してほしいッスー！","共同施工作業「常葉の塔復旧計画」の開始時刻が決まったッス！　協力してほしいッスー！","サーチングウェイ",13,False,171,14,0,241118,1451,184,26,5,5,0,0,2,3,0,0,0,0,0,0,0
219,"「常葉の塔復旧計画」　共同施工作業実施中<hex:02100103><hex:024804F2023B03><hex:024904F2023C03>シルヴァン・スタックスへ行き、参加しよう！","「常葉の塔復旧計画」　共同施工作業実施中","共同施工作業「常葉の塔復旧計画」を実施中ッス！<hex:02100103>ぜひぜひ参加してほしいッスー！","共同施工作業「常葉の塔復旧計画」を実施中ッス！　ぜひぜひ参加してほしいッスー！","サーチングウェイ",13,False,171,14,0,241118,0,0,0,0,5,0,0,2,3,0,0,0,0,0,0,0
220,"「常葉の塔」　復旧完了<hex:02100103><hex:024804F2023B03><hex:024904F2023C03>次の作業を計画中、自由に過ごそう！","「常葉の塔」　復旧完了","常葉の塔を、無事に再稼働させることができたッス！<hex:02100103>子葉の塔とも連係させて、解析の進展にも期待ッスねー！","常葉の塔を復旧できたッス！　ご協力ありがとうッスよー！","サーチングウェイ",14,False,171,15,0,241119,1648,184,28,6,5,0,0,2,3,0,0,0,0,0,0,0
221,"「第二次コスモライナー敷設計画」　資材集積中<hex:02100103><hex:024804F2023B03><hex:024904F2023C03>コスモミッションに参加して資材を集めよう！","「第二次コスモライナー敷設計画」　資材集積中","シルヴァン・スタックスにコスモライナーを敷設するッス！<hex:02100103>資材調達のため、コスモミッションにご協力くださいッス！","シルヴァン・スタックスにコスモライナーを敷設するッス！　一緒に資材を集めてほしいッスよー！","サーチングウェイ",14,False,171,16,0,241120,0,184,29,5,5,0,0,2,3,0,0,0,0,0,0,0
222,"「第二次コスモライナー敷設計画」　敷設中<hex:02100103><hex:024804F2023B03><hex:024904F2023C03>コスモライナーの完成を待とう！","「第二次コスモライナー敷設計画」　敷設中","シルヴァン・スタックスにコスモライナーを敷設中ッス！<hex:02100103>完工したらもっと便利になるから、もう少し待っててほしいッスー！","シルヴァン・スタックスにコスモライナーを敷設中ッス！　完成まで待っててほしいッスー！","サーチングウェイ",14,False,171,16,0,241120,0,184,30,5,5,0,0,2,3,0,0,0,0,0,0,0
223,"「コスモライナー：シルヴァン・スタックス」　敷設完了<hex:02100103><hex:024804F2023B03><hex:024904F2023C03>次の作業を計画中、自由に過ごそう！","「コスモライナー：シルヴァン・スタックス」　敷設完了","シルヴァン・スタックスのコスモライナーが完成したッス！<hex:02100103>常葉の塔の調査が捗るはずッスね、ご協力ありがとうッスよー！","シルヴァン・スタックスのコスモライナーが完成したッス！　ご協力、ありがとうッスよー！","サーチングウェイ",15,False,171,16,0,241121,1649,184,31,6,5,0,0,2,3,4,0,0,0,0,0,0
224,"「コスモポート整備支援」　資材集積中<hex:02100103><hex:024804F2023B03><hex:024904F2023C03>コスモミッションに参加して資材を集めよう！","「コスモポート整備支援」　資材集積中","この星の植物や遺物を、より効率的にアーテリスに送って解析するため、<hex:02100103>コスモポートの機能をアップグレードするッス！","コスモポートの機能をアップグレードするッス！　必要物資を集めてほしいッス！","サーチングウェイ",16,True,171,17,0,241122,0,184,32,5,5,0,0,2,3,4,0,0,0,0,0,12
225,"「コスモポート整備支援」　共同施工作業準備中<hex:02100103><hex:024804F2023B03><hex:024904F2023C03>開始時刻までに着工予定地に集まろう！","「コスモポート整備支援」　共同施工作業準備中","共同施工作業「コスモポート整備支援」の着工時刻が決まったッス！<hex:02100103>実施時には、ぜひぜひ協力してほしいッスー！","共同施工作業「コスモポート整備支援」の着工時刻が決まったッス！　協力してほしいッスー！","サーチングウェイ",16,False,171,17,0,241122,1451,184,33,5,5,0,0,2,3,4,0,0,0,0,0,0
226,"「コスモポート整備支援」　共同施工作業実施中<hex:02100103><hex:024804F2023B03><hex:024904F2023C03>ティンバーロッジ基地東へ行き、参加しよう！","「コスモポート整備支援」　共同施工作業実施中","共同施工作業「コスモポート整備支援」を実施中ッス！<hex:02100103>ぜひぜひ参加してほしいッスー！","共同施工作業「コスモポート整備支援」を実施中ッス！　ぜひぜひ参加してほしいッスー！","サーチングウェイ",16,False,171,17,0,241122,0,0,0,0,5,0,0,2,3,4,0,0,0,0,0,0
227,"「コスモポート」　整備完了<hex:02100103><hex:024804F2023B03><hex:024904F2023C03>次の作業を計画中、自由に過ごそう！","「コスモポート」　整備完了","コスモポートが、さらに高機能にアップグレードされたッスよ！<hex:02100103>これで、より多くの研究物資をアーテリスに送って解析ができるッスー！","コスモポートのアップグレードが完了したッス！　ご協力ありがとうッスよー！","サーチングウェイ",17,False,171,18,0,241123,1650,184,35,6,5,0,0,2,3,4,0,0,0,0,0,0
228,"「末葉の塔への経路確保支援」　資材集積中<hex:02100103><hex:024804F2023B03><hex:024904F2023C03>コスモミッションに参加して資材を集めよう！","「末葉の塔への経路確保支援」　資材集積中","常葉の塔の解析により判明した第三の機構を目指すべく、<hex:02100103>南西部の石蒼き林班への調査を進める計画が進行中ッス！","南西部の石蒼き林班内のタワー、末葉の塔を調査するッス！　支援物資を集めてほしいッスー！","サーチングウェイ",18,False,171,19,0,241124,0,184,36,5,5,0,0,2,3,4,0,0,0,0,0,0
229,"「末葉の塔への経路確保支援」　共同施工作業準備中<hex:02100103><hex:024804F2023B03><hex:024904F2023C03>開始時刻までに着工予定地に集まろう！","「末葉の塔への経路確保支援」　共同施工作業準備中","共同施工作業「末葉の塔への経路確保支援」の開始時刻が決まったッス！<hex:02100103>実施時には、ぜひぜひ協力してほしいッスー！","共同施工作業「末葉の塔への経路確保支援」の開始時刻が決まったッス！　協力してほしいッスー！","サーチングウェイ",18,False,171,19,0,241124,1451,184,37,5,5,0,0,2,3,4,0,0,0,0,0,0
230,"「末葉の塔への経路確保支援」　共同施工作業実施中<hex:02100103><hex:024804F2023B03><hex:024904F2023C03>パイレウス・パーゴラ南西へ行き、参加しよう！","「末葉の塔への経路確保支援」　共同施工作業実施中","共同施工作業「末葉の塔への経路確保支援」を実施中ッス！<hex:02100103>ぜひぜひ参加してほしいッスー！","共同施工作業「末葉の塔への経路確保支援」を実施中ッス！　ぜひぜひ参加してほしいッスー！","サーチングウェイ",18,False,171,19,0,241124,0,0,0,0,5,0,0,2,3,4,0,0,0,0,0,0
231,"「末葉の塔」　経路確保完了<hex:02100103><hex:024804F2023B03><hex:024904F2023C03>次の作業を計画中、自由に過ごそう！","「末葉の塔」　経路確保完了","石蒼き林班の、末葉の塔にたどりつくことができたッス！<hex:02100103>3基目の機構へも、どんどん研究を進めていくッスよー！","石蒼き林班内の、末葉の塔に到達できたッス！　ご協力ありがとうッスよー！","サーチングウェイ",19,False,171,20,0,241125,1651,184,39,6,5,0,0,2,3,4,0,0,0,0,0,0
232,"「末葉の塔復旧計画」　資材集積中<hex:02100103><hex:024804F2023B03><hex:024904F2023C03>コスモミッションに参加して資材を集めよう！","「末葉の塔復旧計画」　資材集積中","末葉の塔も、常葉の塔と同じように復旧させるッス！<hex:02100103>より多くのエネルギーが必要そうだから、丁寧に計画するッスよ！","末葉の塔を復旧させるために、支援物資を集めてほしいッス！","サーチングウェイ",20,True,171,21,0,241126,0,184,40,5,5,0,0,2,3,4,0,0,0,0,0,13
233,"「末葉の塔復旧計画」　共同施工作業準備中<hex:02100103><hex:024804F2023B03><hex:024904F2023C03>開始時刻までに着工予定地に集まろう！","「末葉の塔復旧計画」　共同施工作業準備中","共同施工作業「末葉の塔復旧計画」の開始時刻が決まったッス！<hex:02100103>実施時には、ぜひぜひ協力してほしいッスー！","共同施工作業「末葉の塔復旧計画」の開始時刻が決まったッス！　協力してほしいッスー！","サーチングウェイ",20,False,171,21,0,241126,1451,184,41,5,5,0,0,2,3,4,0,0,0,0,0,0
234,"「末葉の塔復旧計画」　共同施工作業実施中<hex:02100103><hex:024804F2023B03><hex:024904F2023C03>石蒼き林班へ行き、参加しよう！","「末葉の塔復旧計画」　共同施工作業実施中","共同施工作業「末葉の塔復旧計画」を実施中ッス！<hex:02100103>ぜひぜひ参加してほしいッスー！","共同施工作業「末葉の塔復旧計画」を実施中ッス！　ぜひぜひ参加してほしいッスー！","サーチングウェイ",20,False,171,21,0,241126,0,0,0,0,5,0,0,2,3,4,0,0,0,0,0,0
235,"「末葉の塔」　復旧完了<hex:02100103><hex:024804F2023B03><hex:024904F2023C03>次の作業を計画中、自由に過ごそう！","「末葉の塔」　復旧完了","末葉の塔を、無事に再稼働させることができたッス！<hex:02100103>都心部を囲む3つの機構へ、調査を加速させるッスよー！","末葉の塔を復旧できたッス！　ご協力ありがとうッスよー！","サーチングウェイ",21,False,171,22,0,241127,1652,184,43,6,5,0,0,2,3,4,0,0,0,0,0,14
236,"「第三次コスモライナー敷設計画」　資材集積中<hex:02100103><hex:024804F2023B03><hex:024904F2023C03>コスモミッションに参加して資材を集めよう！","「第三次コスモライナー敷設計画」　資材集積中","石蒼き林班にコスモライナーを敷設するッス！<hex:02100103>資材調達のため、コスモミッションにご協力くださいッス！","石蒼き林班にコスモライナーを敷設するッス！　一緒に資材を集めてほしいッスよー！","サーチングウェイ",21,False,171,23,0,241128,0,184,44,5,5,0,0,2,3,4,0,0,0,0,0,0
237,"「第三次コスモライナー敷設計画」　敷設中<hex:02100103><hex:024804F2023B03><hex:024904F2023C03>コスモライナーの完成を待とう！","「第三次コスモライナー敷設計画」　敷設中","石蒼き林班にコスモライナーを敷設中ッス！<hex:02100103>完工したらもっと便利になるから、もう少し待っててほしいッスー！","石蒼き林班にコスモライナーを敷設中ッス！　完成まで待っててほしいッスー！","サーチングウェイ",21,False,171,23,0,241128,0,184,45,5,5,0,0,2,3,4,0,0,0,0,0,0
238,"「コスモライナー：石蒼き林班」　敷設完了<hex:02100103><hex:024804F2023B03><hex:024904F2023C03>次の作業を計画中、自由に過ごそう！","「コスモライナー：石蒼き林班」　敷設完了","石蒼き林班のコスモライナーが完成したッス！<hex:02100103>末葉の塔への調査が捗るはずッスね、ご協力ありがとうッスよー！","石蒼き林班のコスモライナーが完成したッス！　ご協力、ありがとうッスよー！","サーチングウェイ",22,False,171,23,0,241129,1653,184,46,6,5,0,0,2,3,4,22,0,0,0,0,15
239,"「ハンガー拡張計画」　資材集積中<hex:02100103><hex:024804F2023B03><hex:024904F2023C03>コスモミッションに参加して資材を集めよう！","「ハンガー拡張計画」　資材集積中","北東部のコア・シュラウドは、惑星ネットワークの中枢らしいッス！<hex:02100103>パワーローダーでタワー上層へ昇るための方法が検討されてるッスよ！","ローダーハンガーを改築するッス！　一緒に資材を集めてほしいッスよー！","サーチングウェイ",23,True,171,24,0,241130,0,184,47,5,5,0,0,2,3,4,22,0,0,0,0,16
240,"「ハンガー拡張計画」　共同施工作業準備中<hex:02100103><hex:024804F2023B03><hex:024904F2023C03>開始時刻までに着工予定地に集まろう！","「ハンガー拡張計画」　共同施工作業準備中","共同施工作業「ハンガー拡張計画」の着工時刻が決まったッス！<hex:02100103>実施時には、ぜひぜひ協力してほしいッスー！","共同施工作業「ハンガー拡張計画」の開始時刻が決まったッス！　協力してほしいッスー！","サーチングウェイ",23,False,171,24,0,241130,1451,184,48,5,5,0,0,2,3,4,22,0,0,0,0,0
241,"「ハンガー拡張計画」　共同施工作業実施中<hex:02100103><hex:024804F2023B03><hex:024904F2023C03>ティンバーロッジ基地北東へ行き、参加しよう！","「ハンガー拡張計画」　共同施工作業実施中","共同施工作業「ハンガー拡張計画」を実施中ッス！<hex:02100103>ぜひぜひ参加してほしいッスー！","共同施工作業「ハンガー拡張計画」を実施中ッス！　ぜひぜひ参加してほしいッスー！","サーチングウェイ",23,False,171,24,0,241130,0,0,0,0,5,0,0,2,3,4,22,0,0,0,0,0
242,"「ローダーハンガー」　拡張完了<hex:02100103><hex:024804F2023B03><hex:024904F2023C03>次の作業を計画中、自由に過ごそう！","「ローダーハンガー」　拡張完了","ローダーハンガーの改築が完了したッス！<hex:02100103>タワー上層へ向かう準備が進められるッス、ご協力、ありがとうッスよー！","ローダーハンガーが改築されたッス！　ご協力、ありがとうッスよー！","サーチングウェイ",24,False,171,25,0,241131,1654,184,50,6,5,0,0,2,3,4,22,0,0,0,0,17
243,"「コア・シュラウドの環境整備支援」　資材集積中<hex:02100103><hex:024804F2023B03><hex:024904F2023C03>コスモミッションに参加して資材を集めよう！","「コア・シュラウドの環境整備支援」　資材集積中","中枢機構グランマ・ローレルの復旧を目指して、ローダーを整備中ッス！<hex:02100103>支援物資を集めてほしいッスー！","北東部のコア・シュラウド上層への調査のための、支援物資を集めてほしいッス！","サーチングウェイ",25,True,171,26,0,241132,0,184,51,5,5,0,0,2,3,4,22,0,0,0,0,18
244,"「コア・シュラウドの環境整備支援」　共同施工作業準備中<hex:02100103><hex:024804F2023B03><hex:024904F2023C03>開始時刻までに着工予定地に集まろう！","「コア・シュラウドの環境整備支援」　共同施工作業準備中","共同施工作業「コア・シュラウドの環境整備支援」の開始時刻が決まったッス！<hex:02100103>実施時には、ぜひぜひ協力してほしいッスー！","共同施工作業「コア・シュラウドの環境整備支援」の開始時刻が決まったッス！　協力してほしいッスー！","サーチングウェイ",25,False,171,26,205,241132,1451,184,52,5,5,0,0,2,3,4,22,0,0,0,0,0
245,"「コア・シュラウドの環境整備支援」　共同施工作業実施中<hex:02100103><hex:024804F2023B03><hex:024904F2023C03>スクランブリングウェイズへ行き、参加しよう！","「コア・シュラウドの環境整備支援」　共同施工作業実施中","共同施工作業「コア・シュラウドの環境整備支援」 を実施中ッス！<hex:02100103>ぜひぜひ参加してほしいッスー！","共同施工作業「コア・シュラウドの環境整備支援」を実施中ッス！　ぜひぜひ参加してほしいッスー！","サーチングウェイ",26,False,171,26,204,241132,0,0,0,0,5,0,0,2,3,4,22,0,0,0,0,0
246,"「コア・シュラウド上層」　環境整備完了<hex:02100103><hex:024804F2023B03><hex:024904F2023C03>次の作業を計画中、自由に過ごそう！","「コア・シュラウド上層」　環境整備完了","中枢機構グランマ・ローレルの内部に入れるようになったッス！<hex:02100103>コスモライナーも開通して調査が進むッスね、ご協力ありがとうッスよー！","中枢機構グランマ・ローレルの内部に入れるようになったッス！　ご協力ありがとうッスよー！","サーチングウェイ",27,False,171,27,0,241133,1655,184,54,6,5,0,0,2,3,4,22,0,0,0,0,19
247,"「グランマ・ローレル再起動作戦」　資材集積中<hex:02100103><hex:024804F2023B03><hex:024904F2023C03>コスモミッションに参加して資材を集めよう！","「グランマ・ローレル再起動作戦」　資材集積中","グランマ・ローレル内部の、コアシステムを復旧させる計画が進行中ッス！<hex:02100103>支援物資を集めてほしいッス！","グランマ・ローレル内部の、コアシステムを復旧させるために、支援物資を集めてほしいッス！","サーチングウェイ",28,True,171,28,0,241134,0,184,55,5,5,0,0,2,3,4,22,0,0,0,0,20
248,"「グランマ・ローレル再起動作戦」　共同施工作業準備中<hex:02100103><hex:024804F2023B03><hex:024904F2023C03>開始時刻までに着工予定地に集まろう！","「グランマ・ローレル再起動作戦」　共同施工作業準備中","共同施工作業「グランマ・ローレル再起動作戦」の開始時刻が決まったッス！<hex:02100103>実施時には、ぜひぜひ協力してほしいッスー！","共同施工作業「グランマ・ローレル再起動作戦」の開始時刻が決まったッス！　協力してほしいッスー！","サーチングウェイ",28,False,171,28,0,241134,1451,184,56,5,5,0,0,2,3,4,22,0,0,0,0,0
249,"「グランマ・ローレル再起動作戦」　共同施工作業実施中<hex:02100103><hex:024804F2023B03><hex:024904F2023C03>コア・シュラウド上層へ行き、参加しよう！","「グランマ・ローレル再起動作戦」　共同施工作業実施中","共同施工作業「グランマ・ローレル再起動作戦」 を実施中ッス！<hex:02100103>ぜひぜひ参加してほしいッスー！","共同施工作業「グランマ・ローレル再起動作戦」を実施中ッス！　ぜひぜひ参加してほしいッスー！","サーチングウェイ",28,False,171,28,0,241134,0,0,0,0,5,0,0,2,3,4,22,0,0,0,0,0
250,"「グランマ・ローレル」　再起動完了<hex:02100103><hex:024804F2023B03><hex:024904F2023C03>星々に想いを馳せながら、自由に過ごそう！","「グランマ・ローレル」　再起動完了","ついに、惑星のコアシステムを完全復旧できたッス！<hex:02100103>ここまでのご協力、ほんとにありがとうッスよー！！","ついに、惑星のコアシステムが完全復旧ッス！　ここまでのご協力、ほんとにありがとうッスよー！！","サーチングウェイ",29,False,171,29,0,241135,1656,184,58,6,5,0,0,2,3,4,22,0,0,0,0,21
251,"「惑星アウクセシア探索計画」　完了<hex:02100103><hex:024804F2023B03><hex:024904F2023C03>星々に想いを馳せながら、自由に過ごそう！","「惑星アウクセシア探索計画」　完了","協力してくれたみんなのおかげで、<hex:02100103>惑星の探索がとっても進んだッス！　ありがとうッスよー！！","協力してくれたみんなのおかげで、惑星の探索がとっても進んだッス！　ありがとうッスよー！！","サーチングウェイ",29,False,171,30,0,241136,0,184,59,5,5,0,0,2,3,4,22,0,0,0,0,0
252,"","","","","",0,False,0,0,0,0,0,0,0,0,0,0,0,0,0,0,0,0,0,0,0,0
253,"","","","","",0,False,0,0,0,0,0,0,0,0,0,0,0,0,0,0,0,0,0,0,0,0
254,"","","","","",0,False,0,0,0,0,0,0,0,0,0,0,0,0,0,0,0,0,0,0,0,0
255,"","","","","",0,False,0,0,0,0,0,0,0,0,0,0,0,0,0,0,0,0,0,0,0,0
